"id","name","trade_val1","trade_val2","trade_val3","trade_val4","trade_val5","eu_row_split","rank1","rank2","rank3","rank4","rank5"
"c0","Total","58597","36724","26449","24691","24506",0.458,"United States","Germany","China","France","Netherlands"
"c1","Food & live animals","3659","1728","1321","1028","802",0.68,"Ireland","France","Netherlands","Germany","United States"
"c1_1","Live animals","227","58","36","32","20",0.605,"Ireland","France","Hong Kong","United States","United Arab Emirates"
"c1_10","Miscellaneous foods","364","255","170","129","110",0.607,"Ireland","Germany","Netherlands","China","France"
"c1_2","Meat & meat preparations","514","319","227","224","165",0.73,"Ireland","France","China","Netherlands","Germany"
"c1_3","Dairy products & eggs","594","261","175","137","115",0.745,"Ireland","Netherlands","France","Belgium","Germany"
"c1_4","Fish & shellfish","565","330","198","171","139",0.661,"France","United States","Spain","Ireland","China"
"c1_5","Cereals","667","216","187","148","116",0.695,"Ireland","Netherlands","Spain","France","Germany"
"c1_6","Animal feeding stuffs","242","96","94","76","69",0.637,"Ireland","France","Germany","Netherlands","Australia"
"c1_7","Vegetables & fruit","405","133","121","76","64",0.757,"Ireland","France","Netherlands","Egypt","Germany"
"c1_8","Sugar","123","69","35","27","25",0.632,"Ireland","Norway","Netherlands","Germany","Italy"
"c1_9","Coffee, tea, cocoa etc","351","126","107","99","67",0.647,"Ireland","Netherlands","Germany","France","Poland"
"c10","Unspecified goods","7189","4638","1880","1185","317",0.044,"China","Switzerland","United Arab Emirates","Turkey","Spain"
"c2","Beverages & tobacco","1711","600","436","379","362",0.366,"United States","France","Ireland","Singapore","Spain"
"c2_1","Beverages","1711","600","434","376","360",0.366,"United States","France","Ireland","Singapore","Spain"
"c2_2","Tobacco","13","13","8","8","6",0.319,"Turkey","Russia","Poland","Belgium","Ukraine"
"c3","Crude materials","775","692","593","499","434",0.347,"China","India","Turkey","United States","Germany"
"c3_1","Wood & cork","86","8","7","4","4",0.805,"Ireland","India","France","Germany","Sweden"
"c3_2","Pulp & waste paper","138","117","37","35","27",0.171,"China","India","Indonesia","Turkey","Netherlands"
"c3_3","Textile fibres","84","80","60","49","46",0.345,"China","Ghana","Pakistan","Nigeria","Poland"
"c3_4","Metal ores & scrap","515","507","493","421","302",0.267,"India","Turkey","China","United States","Pakistan"
"c3_5","Hides, skins & furskins","39","31","7","3","2",0.558,"Italy","China","Turkey","Ireland","Netherlands"
"c3_6","Oil-seeds & oleaginous fruits","17","10","8","6","6",0.968,"Germany","Ireland","France","Sweden","Netherlands"
"c3_7","Crude rubber","78","25","18","17","12",0.518,"Belgium","India","United States","Turkey","Germany"
"c3_8","Crude minerals & fertilisers","64","56","30","25","21",0.624,"Ireland","Germany","Netherlands","Belgium","France"
"c3_9","Other crude animal & vegetable materials","68","65","34","27","25",0.722,"Ireland","Netherlands","Germany","France","United States"
"c4","Animal & vegetable oils & fats","128","88","74","60","30",0.852,"Netherlands","Belgium","Germany","Ireland","France"
"c4_1","Animal oils & fats","60","11","11","7","7",0.838,"Netherlands","Belgium","Ireland","France","Germany"
"c4_2","Vegetable oils & fats","54","44","41","39","16",0.824,"Germany","Ireland","Belgium","Netherlands","Sweden"
"c4_3","Processed oils & fats","36","29","13","9","6",0.939,"Belgium","Netherlands","Germany","France","Norway"
"c5","Fuels","10191","5942","4211","3374","2605",0.653,"Netherlands","China","Germany","United States","Ireland"
"c5_1","Crude oil","6859","5349","4007","961","788",0.658,"Netherlands","China","Germany","United States","France"
"c5_2","Refined oil","2855","2407","1913","1596","741",0.595,"Netherlands","United States","Ireland","Belgium","Nigeria"
"c5_3","Coal, coke & briquettes","43","21","12","12","8",0.643,"Ireland","Finland","Saudi Arabia","India","France"
"c5_4","Gas","748","460","432","252","174",0.891,"Belgium","Netherlands","Ireland","France","Morocco"
"c5_5","Electricity","93","30","14","5","NaN",1,"Ireland","France","Netherlands","Belgium",NA
"c6","Chemicals","11565","6118","3715","3317","3114",0.482,"United States","Germany","Netherlands","Ireland","France"
"c6_1","Organic chemicals","3331","1131","908","812","389",0.462,"United States","Germany","Netherlands","Belgium","Switzerland"
"c6_2","Inorganic chemicals","275","251","228","152","132",0.56,"France","United States","Spain","India","Germany"
"c6_3","Dyeing, tanning & colouring materials","236","201","180","148","142",0.596,"Germany","Netherlands","Belgium","France","United States"
"c6_4","Medicinal & pharmaceutical products","5969","2482","1661","1519","1225",0.395,"United States","Germany","China","Netherlands","Ireland"
"c6_5","Toilet & cleansing preparations","668","464","457","446","430",0.597,"Ireland","Germany","United States","Belgium","France"
"c6_6","Plastics in primary forms","550","408","297","246","246",0.607,"Germany","Belgium","France","United States","Netherlands"
"c6_7","Plastics in non-primary forms","355","330","273","255","168",0.633,"Germany","United States","France","Ireland","Netherlands"
"c6_8","Processed fertilisers","43","30","22","15","14",0.547,"Ireland","Brazil","Netherlands","China","United States"
"c6_9","Other chemicals","824","758","429","363","321",0.507,"United States","Germany","France","Ireland","Netherlands"
"c7","Material manufactures","4000","3561","2669","2058","1926",0.514,"Germany","United States","Ireland","France","Hong Kong"
"c7_1","Leather manufactures","58","23","17","14","13",0.514,"United States","Italy","Germany","Poland","Czech Republic"
"c7_2","Rubber manufactures","208","191","153","146","137",0.599,"Germany","United States","Belgium","France","Ireland"
"c7_3","Wood & cork manufactures","147","34","32","23","21",0.805,"Ireland","France","Belgium","Germany","Netherlands"
"c7_4","Paper & paperboard","538","273","235","218","120",0.686,"Ireland","Germany","United States","France","Netherlands"
"c7_5","Textile fabrics","319","262","259","230","193",0.675,"Germany","United States","Netherlands","Ireland","France"
"c7_6","Mineral manufactures","786","572","344","337","233",0.497,"United States","Belgium","Germany","Ireland","Switzerland"
"c7_7","Iron & steel","396","393","354","344","343",0.615,"Germany","Ireland","France","Netherlands","United States"
"c7_8","Non-ferrous metals","1721","1461","1143","888","782",0.348,"Germany","Hong Kong","FYR Macedonia","United States","India"
"c7_9","Miscellaneous metal manufactures","779","699","631","548","371",0.526,"United States","Germany","Ireland","France","Netherlands"
"c8","Machinery & transport equipment","25372","14971","10873","6546","5288",0.428,"United States","Germany","France","China","Netherlands"
"c8_1","Mechanical power generators (consumer)","NaN","NaN","NaN","NaN","NaN",0,NA,NA,NA,NA,NA
"c8_10","Metal working machinery (capital)","98","85","73","54","48",0.498,"Belgium","United States","China","Germany","Ireland"
"c8_11","General industrial machinery (capital)","1263","1065","725","448","388",0.506,"United States","Germany","France","Netherlands","Ireland"
"c8_12","Office machinery (consumer)","3","3","2","2","1",1,"Italy","Spain","Ireland","France","Germany"
"c8_13","Telecoms & sound equipment (consumer)","146","11","11","7","5",0.894,"Ireland","Netherlands","Germany","France","United States"
"c8_14","Miscellaneous electrical goods (consumer)","251","148","61","49","39",0.783,"Ireland","Germany","France","Netherlands","Spain"
"c8_15","Electric motors (intermediate)","46","13","11","9","8",0.327,"United States","China","Germany","Romania","India"
"c8_16","Office machinery (intermediate)","287","104","95","79","75",0.756,"Netherlands","France","Germany","Ireland","United States"
"c8_17","Telecoms & sound equipment (intermediate)","173","88","73","36","32",0.466,"United States","France","Germany","Italy","Hong Kong"
"c8_18","Miscellaneous electrical goods (intermediate)","1488","908","579","477","388",0.448,"United States","Germany","France","China","Netherlands"
"c8_19","Electric motors (capital)","166","79","67","61","59",0.301,"United States","Germany","France","Ireland","United Arab Emirates"
"c8_2","Specialised machinery (consumer)","95","22","22","17","3",0.813,"Germany","United States","Sweden","Ireland","Netherlands"
"c8_20","Office machinery (capital)","913","589","519","390","282",0.629,"Ireland","Germany","United States","Netherlands","France"
"c8_21","Telecoms & sound equipment (capital)","672","662","656","546","483",0.59,"United States","Ireland","Germany","France","Netherlands"
"c8_22","Miscellaneous electrical goods (capital)","700","644","257","253","206",0.439,"Germany","United States","China","France","Thailand"
"c8_23","Cars","8166","2997","2351","2245","1532",0.387,"United States","China","Germany","Belgium","Italy"
"c8_24","Road vehicles other than cars (consumer)","91","75","54","46","35",0.724,"France","Ireland","Germany","Netherlands","Italy"
"c8_25","Road vehicles other than cars (intermediate)","1000","575","423","315","299",0.695,"Germany","France","United States","Spain","China"
"c8_26","Road vehicles other than cars (capital)","408","300","117","113","99",0.451,"United States","Ireland","Netherlands","France","Australia"
"c8_27","Railway equipment (intermediate)","17","15","14","13","9",0.5,"China","Germany","France","Italy","Spain"
"c8_28","Railway equipment (capital)","4","2","2","1","1",0.5,"Austria","China","Australia","Germany","United States"
"c8_29","Aircraft","3879","3651","2408","804","422",0.594,"France","Germany","United States","Canada","Italy"
"c8_3","General industrial machinery (consumer)","13","5","5","3","3",0.594,"Ireland","France","Germany","Hong Kong","United Arab Emirates"
"c8_30","Ships","815","259","86","86","62",0.61,"Malta","United States","France","Spain","Norway"
"c8_4","Mechanical power generators (intermediate)","4738","2627","2288","1991","1832",0.206,"United States","Singapore","Hong Kong","United Arab Emirates","Germany"
"c8_5","Specialised machinery (intermediate)","381","141","110","82","66",0.378,"United States","Germany","France","Ireland","Norway"
"c8_6","Metal working machinery (intermediate)","97","34","24","19","15",0.374,"United States","Germany","China","France","Ireland"
"c8_7","General industrial machinery (intermediate)","1268","610","385","382","290",0.364,"United States","Germany","France","China","Singapore"
"c8_8","Mechanical power generators (capital)","650","197","168","151","116",0.244,"United States","China","Japan","Germany","France"
"c8_9","Specialised machinery (capital)","1357","513","493","479","234",0.472,"United States","Germany","France","Ireland","Belgium"
"c9","Miscellaneous manufactures","11416","5388","4754","4036","3636",0.435,"United States","Germany","France","Switzerland","Ireland"
"c9_1","Clothing","1550","1027","643","447","444",0.741,"Germany","Ireland","France","United States","Italy"
"c9_10","Jewellery","1399","1044","752","481","463",0.299,"France","Switzerland","Hong Kong","United States","Qatar"
"c9_11","Plumbing, heating & lighting fixtures (consumer)","9","4","4","3","2",0.763,"Ireland","France","Germany","United States","Cyprus"
"c9_12","Furniture (consumer)","229","113","65","57","34",0.589,"Ireland","United States","France","Germany","Netherlands"
"c9_13","Travel goods, handbags etc","101","89","79","69","69",0.585,"Germany","Hong Kong","France","Italy","Ireland"
"c9_14","Other manufactures (consumer)","1320","1034","955","695","539",0.596,"United States","Germany","Ireland","France","Netherlands"
"c9_15","Plumbing, heating & lighting fixtures (intermediate)","128","79","60","53","49",0.62,"Ireland","France","United States","Netherlands","Germany"
"c9_16","Furniture (intermediate)","439","199","133","86","56",0.344,"United States","France","Germany","Hong Kong","United Arab Emirates"
"c9_17","Other manufactures (intermediate)","489","339","270","178","159",0.708,"Germany","Ireland","France","Netherlands","United States"
"c9_18","Plumbing, heating & lighting fixtures (capital)","44","43","36","15","11",0.755,"Germany","Ireland","France","United States","Italy"
"c9_19","Furniture (capital)","73","72","71","46","26",0.631,"Germany","Ireland","United States","France","Netherlands"
"c9_2","Footwear","405","261","244","150","120",0.842,"Germany","France","Ireland","Italy","Spain"
"c9_20","Other manufactures (capital)","59","43","27","26","24",0.464,"United States","France","Germany","Spain","Australia"
"c9_3","Scientific instruments (consumer)","4","2","1","1","1",0.706,"Saudi Arabia","Bulgaria","Sweden","Italy","Netherlands"
"c9_4","Photographic & optical goods & clocks (consumer)","314","222","165","132","102",0.353,"United States","Switzerland","Hong Kong","France","Germany"
"c9_5","Scientific instruments (intermediate)","311","174","136","90","85",0.356,"United States","Germany","France","Japan","Saudi Arabia"
"c9_6","Photographic & optical goods & clocks (intermediate)","102","72","72","71","53",0.544,"United States","Netherlands","Germany","Japan","France"
"c9_7","Scientific instruments (capital)","2076","962","669","537","415",0.377,"United States","Germany","China","France","Netherlands"
"c9_8","Photographic & optical goods & clocks (capital)","5","2","2","2","1",0.583,"Ireland","Netherlands","United States","Germany","Saudi Arabia"
"c9_9","Works of art","5342","2271","954","240","165",0.025,"United States","Switzerland","Hong Kong","China","Japan"
