AREACD,AREANM,quads,quads5,jobdensity,incomedeprivation
E34000007,Carlton in Lindrick BUA,Higher Deprivation Residential,Higher Deprivation Residential,36%,3
E34000016,Dorchester (West Dorset) BUA,Mid Deprivation Working,Other,178%,6
E34000020,Ely BUA,Lower Deprivation Working,Lower Deprivation Working,90%,8
E34000026,Market Weighton BUA,Lower Deprivation Residential,Lower Deprivation Residential,49%,8
E34000027,Downham Market BUA,Higher Deprivation Residential,Higher Deprivation Residential,55%,5
E34000039,Penrith BUA,Lower Deprivation Working,Lower Deprivation Working,118%,7
E34000048,Bolsover BUA,Higher Deprivation Residential,Higher Deprivation Residential,32%,2
E34000055,March BUA,Higher Deprivation Residential,Higher Deprivation Residential,38%,3
E34000056,Southam BUA,Lower Deprivation Working,Lower Deprivation Working,86%,8
E34000067,Royston BUA,Lower Deprivation Working,Lower Deprivation Working,71%,9
E34000068,Studley BUA,Mid Deprivation Working,Other,76%,6
E34000086,Irthlingborough BUA,Mid Deprivation Residential,Other,41%,5
E34000109,Freshwater BUA,Higher Deprivation Working,Higher Deprivation Working,76%,3
E34000115,Barnoldswick BUA,Mid Deprivation Mixed,Other,58%,5
E34000156,Wirksworth BUA,Mid Deprivation Residential,Other,47%,6
E34000161,Dalton-in-Furness BUA,Mid Deprivation Residential,Other,29%,6
E34000174,Bedlington BUA,Higher Deprivation Residential,Higher Deprivation Residential,31%,3
E34000175,Brigg BUA,Higher Deprivation Working,Higher Deprivation Working,95%,3
E34000181,Widnes BUA,Higher Deprivation Mixed,Other,69%,2
E34000182,Hethersett BUA,Lower Deprivation Residential,Lower Deprivation Residential,42%,9
E34000184,Coningsby Airfield BUA,Mid Deprivation Residential,Other,56%,5
E34000188,Amble BUA,Higher Deprivation Residential,Higher Deprivation Residential,37%,2
E34000193,Skelton (Redcar and Cleveland) BUA,Higher Deprivation Residential,Higher Deprivation Residential,30%,2
E34000231,Seaford BUA,Mid Deprivation Residential,Other,38%,6
E34000234,Ryhill BUA,Higher Deprivation Residential,Higher Deprivation Residential,13%,2
E34000242,Budleigh Salterton BUA,Lower Deprivation Residential,Lower Deprivation Residential,43%,8
E34000250,Great Dunmow BUA,Lower Deprivation Working,Lower Deprivation Working,76%,7
E34000271,Wideopen BUA,Mid Deprivation Residential,Other,44%,5
E34000273,Frodsham BUA,Lower Deprivation Residential,Lower Deprivation Residential,48%,7
E34000278,Rothwell BUA,Higher Deprivation Residential,Higher Deprivation Residential,36%,4
E34000290,Chard BUA,Higher Deprivation Working,Higher Deprivation Working,71%,4
E34000306,Hook (Hart) BUA,Lower Deprivation Working,Lower Deprivation Working,111%,10
E34000310,Rainworth BUA,Higher Deprivation Residential,Higher Deprivation Residential,26%,4
E34000313,Beverley BUA,Lower Deprivation Working,Lower Deprivation Working,91%,7
E34000327,Haverhill BUA,Mid Deprivation Residential,Other,55%,5
E34000353,St Leonards BUA,Lower Deprivation Residential,Lower Deprivation Residential,50%,10
E34000360,Upton (Wakefield) BUA,Higher Deprivation Residential,Higher Deprivation Residential,12%,2
E34000363,Wincanton BUA,Mid Deprivation Working,Other,77%,5
E34000387,Chinnor BUA,Lower Deprivation Residential,Lower Deprivation Residential,33%,10
E34000396,Thurcroft BUA,Higher Deprivation Residential,Higher Deprivation Residential,28%,1
E34000403,Exmouth BUA,Mid Deprivation Residential,Other,46%,6
E34000409,Bolton-le-Sands BUA,Lower Deprivation Residential,Lower Deprivation Residential,49%,10
E34000416,Crediton BUA,Mid Deprivation Mixed,Other,69%,5
E34000430,Henley-on-Thames BUA,Lower Deprivation Working,Lower Deprivation Working,115%,9
E34000440,Snodland BUA,Higher Deprivation Residential,Higher Deprivation Residential,44%,4
E34000458,Meltham BUA,Mid Deprivation Residential,Other,39%,6
E34000469,Minehead BUA,Mid Deprivation Working,Other,84%,5
E34000473,Daventry BUA,Higher Deprivation Working,Higher Deprivation Working,92%,4
E34000482,Keyworth BUA,Lower Deprivation Residential,Lower Deprivation Residential,47%,9
E34000490,Deal BUA,Higher Deprivation Residential,Higher Deprivation Residential,29%,3
E34000499,Hythe BUA,Lower Deprivation Residential,Lower Deprivation Residential,33%,7
E34000504,Ibstock BUA,Mid Deprivation Residential,Other,34%,5
E34000508,Market Deeping BUA,Lower Deprivation Residential,Lower Deprivation Residential,54%,8
E34000509,Horncastle BUA,Higher Deprivation Working,Higher Deprivation Working,78%,4
E34000521,Glastonbury BUA,Higher Deprivation Mixed,Other,68%,2
E34000527,Witham BUA,Higher Deprivation Working,Higher Deprivation Working,85%,4
E34000550,Holmes Chapel BUA,Lower Deprivation Mixed,Other,68%,10
E34000553,Whaley Bridge BUA,Lower Deprivation Residential,Lower Deprivation Residential,54%,9
E34000567,Gerrards Cross BUA,Lower Deprivation Working,Lower Deprivation Working,100%,10
E34000573,Ulverston BUA,Mid Deprivation Working,Other,86%,6
E34000574,Chapeltown BUA,Mid Deprivation Mixed,Other,58%,5
E34000589,Hornsea BUA,Higher Deprivation Residential,Higher Deprivation Residential,53%,3
E34000591,Wem BUA,Mid Deprivation Residential,Other,43%,5
E34000597,Loughborough BUA,Mid Deprivation Working,Other,70%,5
E34000628,Maghull BUA,Lower Deprivation Residential,Lower Deprivation Residential,38%,7
E34000633,Southport BUA,Higher Deprivation Working,Higher Deprivation Working,77%,3
E34000645,Thornbury BUA,Lower Deprivation Mixed,Other,66%,8
E34000656,Street BUA,Mid Deprivation Working,Other,85%,6
E34000682,Bishop's Waltham BUA,Lower Deprivation Residential,Lower Deprivation Residential,49%,9
E34000692,Frome BUA,Higher Deprivation Residential,Higher Deprivation Residential,49%,4
E34000697,Bagshot BUA,Lower Deprivation Working,Lower Deprivation Working,89%,9
E34000710,Ross-on-Wye BUA,Mid Deprivation Working,Other,108%,5
E34000712,Storrington BUA,Lower Deprivation Residential,Lower Deprivation Residential,48%,9
E34000732,Alnwick BUA,Higher Deprivation Working,Higher Deprivation Working,89%,4
E34000741,Billinge BUA,Lower Deprivation Residential,Lower Deprivation Residential,24%,7
E34000755,Hailsham BUA,Higher Deprivation Residential,Higher Deprivation Residential,53%,4
E34000762,Richmond BUA,Lower Deprivation Mixed,Other,63%,7
E34000766,Cheddar BUA,Lower Deprivation Working,Lower Deprivation Working,93%,7
E34000768,Oakley (Basingstoke and Deane) BUA,Lower Deprivation Residential,Lower Deprivation Residential,25%,10
E34000776,Mablethorpe BUA,Higher Deprivation Residential,Higher Deprivation Residential,43%,1
E34000786,Lutterworth BUA,Lower Deprivation Working,Lower Deprivation Working,224%,8
E34000792,Sawston BUA,Lower Deprivation Working,Lower Deprivation Working,92%,8
E34000796,Sidmouth BUA,Lower Deprivation Working,Lower Deprivation Working,79%,8
E34000815,Epping BUA,Lower Deprivation Working,Lower Deprivation Working,88%,7
E34000830,Torpoint BUA,Higher Deprivation Residential,Higher Deprivation Residential,37%,5
E34000839,Hilton (South Derbyshire) BUA,Lower Deprivation Residential,Lower Deprivation Residential,30%,10
E34000843,Burghfield Common BUA,Lower Deprivation Residential,Lower Deprivation Residential,52%,9
E34000850,Buckingham BUA,Lower Deprivation Mixed,Other,61%,9
E34000852,Netley BUA,Lower Deprivation Residential,Lower Deprivation Residential,51%,7
E34000857,Brackley BUA,Lower Deprivation Working,Lower Deprivation Working,75%,10
E34000867,Ivybridge BUA,Lower Deprivation Residential,Lower Deprivation Residential,37%,8
E34000879,Marske-by-the-Sea BUA,Mid Deprivation Residential,Other,29%,5
E34000884,Denmead BUA,Lower Deprivation Residential,Lower Deprivation Residential,38%,9
E34000885,Paddock Wood BUA,Lower Deprivation Working,Lower Deprivation Working,96%,7
E34000891,Garforth BUA,Lower Deprivation Mixed,Other,60%,9
E34000922,Northallerton BUA,Mid Deprivation Working,Other,134%,6
E34000926,Tenterden BUA,Lower Deprivation Working,Lower Deprivation Working,88%,7
E34000935,Market Warsop BUA,Higher Deprivation Residential,Higher Deprivation Residential,24%,2
E34000969,Tadcaster BUA,Lower Deprivation Working,Lower Deprivation Working,122%,9
E34000970,Long Ashton BUA,Lower Deprivation Residential,Lower Deprivation Residential,42%,10
E34000980,Hayle BUA,Higher Deprivation Mixed,Other,61%,2
E34000991,Conisbrough BUA,Higher Deprivation Residential,Higher Deprivation Residential,31%,1
E34000994,Nantwich BUA,Lower Deprivation Mixed,Other,64%,7
E34001024,Market Drayton BUA,Higher Deprivation Working,Higher Deprivation Working,75%,4
E34001039,Portishead BUA,Lower Deprivation Working,Lower Deprivation Working,83%,9
E34001050,Crofton BUA,Lower Deprivation Residential,Lower Deprivation Residential,17%,7
E34001052,Wotton-under-Edge BUA,Lower Deprivation Residential,Lower Deprivation Residential,39%,8
E34001064,Marple BUA,Lower Deprivation Mixed,Other,63%,8
E34001066,Southwell BUA,Lower Deprivation Working,Lower Deprivation Working,70%,10
E34001067,Dawlish BUA,Higher Deprivation Residential,Higher Deprivation Residential,47%,4
E34001068,Dronfield BUA,Lower Deprivation Mixed,Other,57%,9
E34001070,Wootton Bassett BUA,Lower Deprivation Mixed,Other,57%,7
E34001073,Hawkinge BUA,Mid Deprivation Residential,Other,16%,6
E34001102,Peasedown St John BUA,Lower Deprivation Residential,Lower Deprivation Residential,31%,7
E34001108,New Waltham BUA,Lower Deprivation Residential,Lower Deprivation Residential,20%,9
E34001117,Dinnington (Rotherham) BUA,Higher Deprivation Mixed,Other,61%,3
E34001119,Stansted Mountfitchet BUA,Lower Deprivation Working,Lower Deprivation Working,88%,9
E34001126,Balsall Common BUA,Lower Deprivation Residential,Lower Deprivation Residential,42%,10
E34001129,Bayston Hill BUA,Lower Deprivation Residential,Lower Deprivation Residential,33%,9
E34001202,Faringdon BUA,Mid Deprivation Residential,Other,48%,5
E34001214,Weaverham BUA,Higher Deprivation Residential,Higher Deprivation Residential,31%,4
E34001232,Ilminster BUA,Mid Deprivation Mixed,Other,60%,6
E34001233,Ferryhill BUA,Higher Deprivation Residential,Higher Deprivation Residential,31%,1
E34001247,Raunds BUA,Mid Deprivation Residential,Other,43%,6
E34001263,Halstead BUA,Mid Deprivation Residential,Other,56%,5
E34001267,Newport (Isle of Wight) BUA,Higher Deprivation Working,Higher Deprivation Working,123%,3
E34001322,Ponteland BUA,Lower Deprivation Residential,Lower Deprivation Residential,54%,10
E34001339,Measham BUA,Mid Deprivation Mixed,Other,59%,5
E34001373,Oakham BUA,Lower Deprivation Working,Lower Deprivation Working,95%,9
E34001392,Brotton BUA,Higher Deprivation Residential,Higher Deprivation Residential,39%,2
E34001398,Okehampton BUA,Higher Deprivation Working,Higher Deprivation Working,70%,4
E34001401,Great Wakering BUA,Mid Deprivation Residential,Other,19%,6
E34001416,Clitheroe BUA,Lower Deprivation Working,Lower Deprivation Working,81%,7
E34001422,Helsby BUA,Lower Deprivation Mixed,Other,60%,9
E34001430,Petersfield BUA,Lower Deprivation Working,Lower Deprivation Working,100%,9
E34001434,Louth BUA,Higher Deprivation Working,Higher Deprivation Working,81%,2
E34001445,Ashington (Northumberland) BUA,Higher Deprivation Mixed,Other,56%,1
E34001461,Newmarket BUA,Lower Deprivation Working,Lower Deprivation Working,90%,7
E34001475,Culcheth BUA,Lower Deprivation Residential,Lower Deprivation Residential,37%,9
E34001481,Heswall BUA,Lower Deprivation Residential,Lower Deprivation Residential,54%,8
E34001491,Sheerness BUA,Higher Deprivation Mixed,Other,58%,1
E34001493,Driffield BUA,Mid Deprivation Residential,Other,51%,6
E34001504,Retford BUA,Higher Deprivation Residential,Higher Deprivation Residential,54%,4
E34001518,Radcliffe on Trent BUA,Lower Deprivation Residential,Lower Deprivation Residential,38%,9
E34001520,Ruskington BUA,Mid Deprivation Residential,Other,35%,5
E34001537,Wigton BUA,Higher Deprivation Working,Higher Deprivation Working,84%,4
E34001545,Leominster BUA,Higher Deprivation Working,Higher Deprivation Working,76%,2
E34001604,Bodmin BUA,Higher Deprivation Working,Higher Deprivation Working,91%,2
E34001609,Caister-on-Sea BUA,Higher Deprivation Residential,Higher Deprivation Residential,31%,4
E34001645,Devizes BUA,Mid Deprivation Working,Other,97%,5
E34001686,Cotgrave BUA,Mid Deprivation Residential,Other,30%,6
E34001696,Wingate BUA,Higher Deprivation Residential,Higher Deprivation Residential,19%,2
E34001704,Elland BUA,Higher Deprivation Working,Higher Deprivation Working,124%,4
E34001711,Bishop's Stortford BUA,Lower Deprivation Mixed,Other,66%,10
E34001715,Kenilworth BUA,Lower Deprivation Working,Lower Deprivation Working,86%,10
E34001733,Hungerford BUA,Lower Deprivation Working,Lower Deprivation Working,101%,8
E34001739,Countesthorpe BUA,Lower Deprivation Residential,Lower Deprivation Residential,24%,9
E34001750,Easington (County Durham) BUA,Higher Deprivation Residential,Higher Deprivation Residential,37%,1
E34001759,New Romney BUA,Higher Deprivation Mixed,Other,62%,4
E34001766,Highworth BUA,Lower Deprivation Residential,Lower Deprivation Residential,49%,7
E34001807,Washingborough BUA,Lower Deprivation Residential,Lower Deprivation Residential,24%,9
E34001850,South Ockendon BUA,Higher Deprivation Residential,Higher Deprivation Residential,35%,2
E34001881,Chipping Norton BUA,Lower Deprivation Mixed,Other,67%,7
E34001895,West Chiltington Common BUA,Lower Deprivation Mixed,Other,57%,9
E34001896,New Rossington BUA,Higher Deprivation Residential,Higher Deprivation Residential,25%,2
E34001940,Brightlingsea BUA,Mid Deprivation Residential,Other,41%,5
E34001958,Stanford-le-Hope BUA,Mid Deprivation Residential,Other,48%,6
E34001962,Yeovil BUA,Mid Deprivation Working,Other,102%,5
E34001966,North Baddesley BUA,Lower Deprivation Residential,Lower Deprivation Residential,29%,8
E34001982,Amesbury BUA,Lower Deprivation Mixed,Other,65%,7
E34001993,Crook BUA,Higher Deprivation Residential,Higher Deprivation Residential,42%,1
E34002010,Shipston-on-Stour BUA,Lower Deprivation Residential,Lower Deprivation Residential,55%,8
E34002041,Maldon BUA,Mid Deprivation Working,Other,78%,5
E34002053,Sudbury BUA,Higher Deprivation Working,Higher Deprivation Working,69%,4
E34002054,Brandon (County Durham) BUA,Higher Deprivation Working,Higher Deprivation Working,81%,3
E34002061,Ormskirk BUA,Lower Deprivation Mixed,Other,59%,8
E34002074,Blyth (Northumberland) BUA,Higher Deprivation Residential,Higher Deprivation Residential,43%,1
E34002085,Holbeach BUA,Higher Deprivation Residential,Higher Deprivation Residential,47%,4
E34002105,East Horsley BUA,Lower Deprivation Residential,Lower Deprivation Residential,49%,10
E34002125,Burwell BUA,Lower Deprivation Residential,Lower Deprivation Residential,36%,9
E34002141,Darlington BUA,Higher Deprivation Working,Higher Deprivation Working,86%,2
E34002160,Axminster BUA,Mid Deprivation Mixed,Other,65%,5
E34002161,Looe BUA,Higher Deprivation Mixed,Other,65%,3
E34002164,Southwater BUA,Lower Deprivation Residential,Lower Deprivation Residential,37%,10
E34002172,Cranfield BUA,Lower Deprivation Working,Lower Deprivation Working,110%,10
E34002176,Norton Canes BUA,Higher Deprivation Working,Higher Deprivation Working,139%,3
E34002180,Newquay BUA,Higher Deprivation Mixed,Other,58%,3
E34002182,Hemsworth BUA,Higher Deprivation Residential,Higher Deprivation Residential,37%,2
E34002191,Lightwater BUA,Lower Deprivation Residential,Lower Deprivation Residential,42%,10
E34002199,Bewdley BUA,Lower Deprivation Residential,Lower Deprivation Residential,37%,7
E34002202,Sawtry BUA,Lower Deprivation Residential,Lower Deprivation Residential,49%,8
E34002212,Millom BUA,Higher Deprivation Residential,Higher Deprivation Residential,43%,3
E34002254,Thirsk BUA,Mid Deprivation Residential,Other,50%,6
E34002257,Huntingdon BUA,Mid Deprivation Working,Other,112%,5
E34002285,Shirebrook BUA,Higher Deprivation Mixed,Other,63%,1
E34002367,Sherborne BUA,Mid Deprivation Working,Other,101%,6
E34002384,Silsden BUA,Lower Deprivation Residential,Lower Deprivation Residential,41%,8
E34002432,Willington (County Durham) BUA,Higher Deprivation Residential,Higher Deprivation Residential,26%,1
E34002433,South Molton BUA,Higher Deprivation Working,Higher Deprivation Working,110%,4
E34002446,Honiton BUA,Mid Deprivation Working,Other,71%,5
E34002470,Chippenham (Wiltshire) BUA,Lower Deprivation Working,Lower Deprivation Working,77%,7
E34002474,Gillingham (North Dorset) BUA,Lower Deprivation Mixed,Other,60%,8
E34002475,Redbourn BUA,Lower Deprivation Residential,Lower Deprivation Residential,46%,8
E34002505,West Mersea BUA,Lower Deprivation Residential,Lower Deprivation Residential,42%,7
E34002511,Tring BUA,Lower Deprivation Mixed,Other,58%,9
E34002512,Guisborough BUA,Higher Deprivation Residential,Higher Deprivation Residential,53%,4
E34002528,Olney BUA,Lower Deprivation Working,Lower Deprivation Working,70%,10
E34002529,New Alresford BUA,Lower Deprivation Mixed,Other,67%,10
E34002540,Marchwood BUA,Lower Deprivation Residential,Lower Deprivation Residential,53%,9
E34002554,Rugeley BUA,Higher Deprivation Mixed,Other,64%,4
E34002562,Saffron Walden BUA,Lower Deprivation Working,Lower Deprivation Working,74%,8
E34002605,Knutsford BUA,Lower Deprivation Working,Lower Deprivation Working,146%,7
E34002608,Shepley BUA,Lower Deprivation Residential,Lower Deprivation Residential,31%,10
E34002609,Biggleswade BUA,Mid Deprivation Residential,Other,53%,6
E34002624,Ripon BUA,Lower Deprivation Mixed,Other,67%,8
E34002637,Selsey BUA,Mid Deprivation Residential,Other,55%,5
E34002653,Ilfracombe BUA,Higher Deprivation Mixed,Other,58%,2
E34002678,Saltburn-by-the-Sea BUA,Higher Deprivation Residential,Higher Deprivation Residential,44%,2
E34002686,Ventnor BUA,Higher Deprivation Working,Higher Deprivation Working,75%,2
E34002689,Newton Aycliffe BUA,Higher Deprivation Working,Higher Deprivation Working,100%,2
E34002694,Newbiggin-by-the-Sea BUA,Higher Deprivation Residential,Higher Deprivation Residential,30%,1
E34002712,Filey BUA,Higher Deprivation Residential,Higher Deprivation Residential,48%,2
E34002717,Hoo St Werburgh BUA,Mid Deprivation Residential,Other,21%,5
E34002727,Arlesey BUA,Lower Deprivation Residential,Lower Deprivation Residential,29%,7
E34002729,South Woodham Ferrers BUA,Lower Deprivation Residential,Lower Deprivation Residential,50%,9
E34002730,Earls Barton BUA,Lower Deprivation Residential,Lower Deprivation Residential,53%,8
E34002733,Lichfield BUA,Mid Deprivation Working,Other,88%,6
E34002746,Calverton BUA,Mid Deprivation Residential,Other,39%,6
E34002766,Blackfield BUA,Mid Deprivation Mixed,Other,58%,5
E34002796,Yaxley BUA,Lower Deprivation Residential,Lower Deprivation Residential,48%,7
E34002801,Lymm BUA,Lower Deprivation Mixed,Other,64%,10
E34002816,Dereham BUA,Higher Deprivation Mixed,Other,68%,4
E34002820,Shrewsbury BUA,Mid Deprivation Working,Other,107%,5
E34002826,Witley BUA,Lower Deprivation Residential,Lower Deprivation Residential,45%,8
E34002854,Newport (Telford and Wrekin) BUA,Lower Deprivation Residential,Lower Deprivation Residential,43%,7
E34002872,Beaconsfield BUA,Lower Deprivation Working,Lower Deprivation Working,138%,10
E34002877,Croesowallt BUA,Higher Deprivation Working,Higher Deprivation Working,73%,3
E34002878,Chapel-en-le-Frith BUA,Lower Deprivation Mixed,Other,59%,8
E34002906,Longridge BUA,Lower Deprivation Mixed,Other,63%,9
E34002917,Verwood BUA,Lower Deprivation Residential,Lower Deprivation Residential,42%,9
E34002927,Whitchurch (Shropshire) BUA,Higher Deprivation Mixed,Other,61%,4
E34002963,Tidworth BUA,Lower Deprivation Residential,Lower Deprivation Residential,32%,10
E34002971,Bracebridge Heath BUA,Lower Deprivation Residential,Lower Deprivation Residential,39%,9
E34002993,Barton-upon-Humber BUA,Higher Deprivation Mixed,Other,64%,3
E34003008,Aylsham BUA,Lower Deprivation Mixed,Other,63%,7
E34003021,Poringland BUA,Lower Deprivation Residential,Lower Deprivation Residential,25%,9
E34003024,Manningtree BUA,Lower Deprivation Mixed,Other,62%,7
E34003029,Keynsham BUA,Mid Deprivation Mixed,Other,67%,6
E34003071,Sleaford BUA,Mid Deprivation Working,Other,72%,6
E34003078,Barrow-in-Furness BUA,Higher Deprivation Working,Higher Deprivation Working,100%,2
E34003082,Wellesbourne BUA,Lower Deprivation Mixed,Other,63%,9
E34003098,Clowne BUA,Higher Deprivation Residential,Higher Deprivation Residential,45%,3
E34003102,Chatteris BUA,Higher Deprivation Residential,Higher Deprivation Residential,46%,5
E34003104,Brixham BUA,Higher Deprivation Mixed,Other,57%,2
E34003109,Murton (County Durham) BUA,Higher Deprivation Residential,Higher Deprivation Residential,33%,2
E34003112,Tiverton BUA,Higher Deprivation Mixed,Other,68%,4
E34003124,Hurstpierpoint BUA,Lower Deprivation Residential,Lower Deprivation Residential,36%,10
E34003129,South Hayling BUA,Mid Deprivation Residential,Other,45%,6
E34003154,Egremont BUA,Higher Deprivation Residential,Higher Deprivation Residential,40%,3
E34003165,Swaffham BUA,Higher Deprivation Working,Higher Deprivation Working,80%,3
E34003168,Ledbury BUA,Lower Deprivation Working,Lower Deprivation Working,69%,7
E34003174,Skipton BUA,Mid Deprivation Working,Other,172%,5
E34003178,Bradford on Avon BUA,Lower Deprivation Mixed,Other,56%,7
E34003196,Oundle BUA,Lower Deprivation Working,Lower Deprivation Working,87%,10
E34003205,Sherburn in Elmet BUA,Lower Deprivation Working,Lower Deprivation Working,156%,8
E34003206,Ludlow BUA,Higher Deprivation Working,Higher Deprivation Working,74%,4
E34003218,Bingham BUA,Lower Deprivation Residential,Lower Deprivation Residential,43%,8
E34003222,Lewes BUA,Mid Deprivation Working,Other,112%,6
E34003241,Benson BUA,Lower Deprivation Residential,Lower Deprivation Residential,39%,10
E34003243,Liphook BUA,Lower Deprivation Working,Lower Deprivation Working,70%,7
E34003244,Haxby BUA,Lower Deprivation Residential,Lower Deprivation Residential,25%,10
E34003253,Shaftesbury BUA,Mid Deprivation Working,Other,76%,6
E34003258,Bungay BUA,Higher Deprivation Working,Higher Deprivation Working,73%,4
E34003294,Calne BUA,Mid Deprivation Residential,Other,45%,5
E34003297,King's Hill BUA,Lower Deprivation Working,Lower Deprivation Working,163%,10
E34003299,Cobham (Elmbridge) BUA,Lower Deprivation Working,Lower Deprivation Working,79%,10
E34003308,Beccles BUA,Higher Deprivation Working,Higher Deprivation Working,72%,4
E34003332,Tiptree BUA,Lower Deprivation Mixed,Other,57%,8
E34003343,Peacehaven BUA,Higher Deprivation Residential,Higher Deprivation Residential,25%,4
E34003347,Tetbury BUA,Lower Deprivation Mixed,Other,65%,7
E34003354,Leighton Buzzard BUA,Lower Deprivation Mixed,Other,56%,7
E34003376,Broughton Astley BUA,Lower Deprivation Residential,Lower Deprivation Residential,36%,10
E34003389,Whittlesey BUA,Higher Deprivation Residential,Higher Deprivation Residential,40%,4
E34003397,Brandon (Forest Heath) BUA,Higher Deprivation Residential,Higher Deprivation Residential,46%,4
E34003412,Cottenham BUA,Lower Deprivation Residential,Lower Deprivation Residential,51%,7
E34003418,Bourne BUA,Lower Deprivation Working,Lower Deprivation Working,73%,7
E34003424,Staplehurst BUA,Lower Deprivation Residential,Lower Deprivation Residential,40%,8
E34003425,Cheadle BUA,Mid Deprivation Residential,Other,40%,6
E34003440,Brixworth BUA,Lower Deprivation Mixed,Other,66%,9
E34003456,Chipping Ongar BUA,Mid Deprivation Mixed,Other,69%,6
E34003462,Fleetwood BUA,Higher Deprivation Residential,Higher Deprivation Residential,55%,1
E34003463,Shildon BUA,Higher Deprivation Residential,Higher Deprivation Residential,47%,1
E34003490,Hemsby BUA,Higher Deprivation Residential,Higher Deprivation Residential,49%,4
E34003491,Ashby-de-la-Zouch BUA,Lower Deprivation Working,Lower Deprivation Working,144%,7
E34003494,Wadebridge BUA,Mid Deprivation Mixed,Other,62%,5
E34003511,Harpenden BUA,Lower Deprivation Working,Lower Deprivation Working,141%,10
E34003514,Halesworth BUA,Mid Deprivation Working,Other,113%,5
E34003517,Attleborough BUA,Mid Deprivation Mixed,Other,63%,6
E34003525,Fleet BUA,Lower Deprivation Mixed,Other,58%,10
E34003541,Ramsey (Huntingdonshire) BUA,Mid Deprivation Residential,Other,45%,5
E34003553,Wantage BUA,Lower Deprivation Residential,Lower Deprivation Residential,47%,8
E34003561,East Leake BUA,Lower Deprivation Mixed,Other,61%,9
E34003562,Askern BUA,Higher Deprivation Residential,Higher Deprivation Residential,24%,1
E34003565,Long Sutton (South Holland) BUA,Mid Deprivation Mixed,Other,69%,5
E34003566,Battle BUA,Mid Deprivation Working,Other,80%,6
E34003574,New Ollerton BUA,Higher Deprivation Mixed,Other,65%,2
E34003596,Uttoxeter BUA,Lower Deprivation Working,Lower Deprivation Working,81%,7
E34003597,Bircotes BUA,Higher Deprivation Residential,Higher Deprivation Residential,24%,2
E34003606,North Walsham BUA,Higher Deprivation Mixed,Other,63%,3
E34003628,Seaton (East Devon) BUA,Mid Deprivation Mixed,Other,62%,6
E34003657,Stotfold BUA,Lower Deprivation Residential,Lower Deprivation Residential,25%,9
E34003678,Shepshed BUA,Lower Deprivation Mixed,Other,57%,8
E34003679,Clacton-on-Sea BUA,Higher Deprivation Mixed,Other,66%,1
E34003687,Whitby BUA,Higher Deprivation Working,Higher Deprivation Working,78%,3
E34003707,Ashbourne BUA,Lower Deprivation Working,Lower Deprivation Working,107%,7
E34003710,Cheltenham BUA,Mid Deprivation Working,Other,98%,6
E34003723,Congleton BUA,Mid Deprivation Mixed,Other,61%,6
E34003741,Rishton BUA,Higher Deprivation Residential,Higher Deprivation Residential,48%,3
E34003742,Todmorden BUA,Higher Deprivation Residential,Higher Deprivation Residential,46%,3
E34003743,Stocksbridge BUA,Mid Deprivation Residential,Other,40%,5
E34003749,Shifnal BUA,Mid Deprivation Residential,Other,33%,6
E34003750,Twyford (Wokingham) BUA,Lower Deprivation Working,Lower Deprivation Working,74%,10
E34003756,Spennymoor BUA,Higher Deprivation Mixed,Other,56%,1
E34003761,Stubbington BUA,Lower Deprivation Residential,Lower Deprivation Residential,43%,10
E34003769,Alton (East Hampshire) BUA,Lower Deprivation Working,Lower Deprivation Working,87%,8
E34003774,Radlett BUA,Lower Deprivation Mixed,Other,58%,10
E34003793,Withernsea BUA,Higher Deprivation Residential,Higher Deprivation Residential,46%,1
E34003804,Neston BUA,Lower Deprivation Residential,Lower Deprivation Residential,44%,7
E34003809,Middlewich BUA,Lower Deprivation Mixed,Other,67%,7
E34003851,Edenbridge BUA,Mid Deprivation Mixed,Other,68%,6
E34003862,Maryport BUA,Higher Deprivation Residential,Higher Deprivation Residential,50%,1
E34003864,Wymondham (South Norfolk) BUA,Lower Deprivation Working,Lower Deprivation Working,78%,7
E34003866,Creswell BUA,Higher Deprivation Residential,Higher Deprivation Residential,18%,1
E34003892,Saltash BUA,Mid Deprivation Residential,Other,39%,6
E34003904,Potters Bar BUA,Lower Deprivation Working,Lower Deprivation Working,89%,8
E34003922,Pembury BUA,Lower Deprivation Working,Lower Deprivation Working,128%,9
E34003928,Clevedon BUA,Lower Deprivation Working,Lower Deprivation Working,77%,8
E34003940,Anstey BUA,Lower Deprivation Residential,Lower Deprivation Residential,30%,7
E34003989,Great Torrington BUA,Higher Deprivation Residential,Higher Deprivation Residential,53%,4
E34004012,Wroughton BUA,Mid Deprivation Residential,Other,51%,6
E34004090,Tavistock BUA,Mid Deprivation Mixed,Other,66%,6
E34004099,Codsall BUA,Lower Deprivation Residential,Lower Deprivation Residential,36%,7
E34004122,Cockermouth BUA,Lower Deprivation Working,Lower Deprivation Working,79%,7
E34004125,Blandford Forum BUA,Mid Deprivation Working,Other,71%,6
E34004134,Sittingbourne BUA,Higher Deprivation Mixed,Other,67%,3
E34004138,Buxton (High Peak) BUA,Mid Deprivation Mixed,Other,65%,5
E34004141,Newhaven BUA,Higher Deprivation Mixed,Other,66%,3
E34004142,Hadleigh BUA,Lower Deprivation Working,Lower Deprivation Working,88%,7
E34004143,Thetford BUA,Higher Deprivation Mixed,Other,66%,3
E34004149,Billingshurst BUA,Lower Deprivation Residential,Lower Deprivation Residential,48%,8
E34004151,Annfield Plain BUA,Higher Deprivation Residential,Higher Deprivation Residential,53%,1
E34004153,Emsworth BUA,Lower Deprivation Residential,Lower Deprivation Residential,41%,8
E34004154,Bognor Regis BUA,Mid Deprivation Mixed,Other,64%,5
E34004155,Tarleton BUA,Lower Deprivation Residential,Lower Deprivation Residential,41%,9
E34004157,Westbury (Wiltshire) BUA,Mid Deprivation Residential,Other,42%,6
E34004162,Strensall BUA,Lower Deprivation Residential,Lower Deprivation Residential,25%,10
E34004169,Liss BUA,Lower Deprivation Residential,Lower Deprivation Residential,44%,8
E34004170,Towcester BUA,Lower Deprivation Residential,Lower Deprivation Residential,56%,9
E34004175,Totnes BUA,Higher Deprivation Working,Higher Deprivation Working,107%,2
E34004181,Hinckley BUA,Lower Deprivation Working,Lower Deprivation Working,84%,7
E34004185,Yarm BUA,Lower Deprivation Residential,Lower Deprivation Residential,55%,9
E34004187,Princes Risborough BUA,Lower Deprivation Working,Lower Deprivation Working,71%,9
E34004190,Seaham BUA,Higher Deprivation Residential,Higher Deprivation Residential,50%,2
E34004191,Hexham BUA,Lower Deprivation Working,Lower Deprivation Working,92%,7
E34004192,Scunthorpe BUA,Higher Deprivation Working,Higher Deprivation Working,87%,2
E34004193,Belper BUA,Lower Deprivation Residential,Lower Deprivation Residential,47%,8
E34004196,Littleport BUA,Mid Deprivation Residential,Other,28%,5
E34004197,Freckleton BUA,Lower Deprivation Working,Lower Deprivation Working,145%,7
E34004204,Berwick-upon-Tweed BUA,Higher Deprivation Working,Higher Deprivation Working,84%,3
E34004210,Stratford-upon-Avon BUA,Lower Deprivation Working,Lower Deprivation Working,110%,8
E34004213,Wombourne BUA,Lower Deprivation Residential,Lower Deprivation Residential,44%,7
E34004217,Burgess Hill BUA,Lower Deprivation Working,Lower Deprivation Working,76%,9
E34004218,Spalding BUA,Mid Deprivation Working,Other,93%,6
E34004222,Ampthill BUA,Lower Deprivation Residential,Lower Deprivation Residential,53%,9
E34004224,Barnard Castle BUA,Mid Deprivation Working,Other,117%,6
E34004225,Matlock BUA,Lower Deprivation Working,Lower Deprivation Working,89%,7
E34004228,Aveley BUA,Higher Deprivation Residential,Higher Deprivation Residential,45%,3
E34004229,Morpeth BUA,Lower Deprivation Working,Lower Deprivation Working,90%,7
E34004233,Fakenham BUA,Mid Deprivation Working,Other,109%,5
E34004240,Lydney BUA,Higher Deprivation Mixed,Other,62%,3
E34004242,Cleator Moor BUA,Higher Deprivation Residential,Higher Deprivation Residential,31%,2
E34004246,Brentwood BUA,Lower Deprivation Working,Lower Deprivation Working,78%,8
E34004251,Warrington BUA,Higher Deprivation Working,Higher Deprivation Working,118%,4
E34004252,Coleshill (North Warwickshire) BUA,Lower Deprivation Working,Lower Deprivation Working,238%,8
E34004256,Winsford (Cheshire West and Chester) BUA,Higher Deprivation Working,Higher Deprivation Working,75%,2
E34004262,Kirkby BUA,Higher Deprivation Working,Higher Deprivation Working,96%,1
E34004263,Alcester BUA,Lower Deprivation Working,Lower Deprivation Working,153%,7
E34004266,Desborough BUA,Lower Deprivation Residential,Lower Deprivation Residential,33%,7
E34004267,Biddulph BUA,Mid Deprivation Residential,Other,29%,5
E34004270,Featherstone (Wakefield) BUA,Higher Deprivation Mixed,Other,60%,2
E34004274,Witney BUA,Lower Deprivation Working,Lower Deprivation Working,80%,8
E34004277,Liskeard BUA,Higher Deprivation Working,Higher Deprivation Working,75%,2
E34004278,Faversham BUA,Higher Deprivation Mixed,Other,57%,3
E34004281,Market Harborough BUA,Lower Deprivation Working,Lower Deprivation Working,75%,9
E34004282,Swanage BUA,Lower Deprivation Mixed,Other,61%,7
E34004292,Evesham BUA,Mid Deprivation Mixed,Other,65%,5
E34004293,Canvey Island BUA,Higher Deprivation Residential,Higher Deprivation Residential,31%,2
E34004294,Great Malvern BUA,Higher Deprivation Working,Higher Deprivation Working,75%,4
E34004302,Cambourne BUA,Lower Deprivation Residential,Lower Deprivation Residential,51%,7
E34004306,Salisbury BUA,Lower Deprivation Working,Lower Deprivation Working,101%,7
E34004315,Lowestoft BUA,Higher Deprivation Mixed,Other,57%,2
E34004321,Crewkerne BUA,Mid Deprivation Working,Other,78%,6
E34004322,Ilkley BUA,Lower Deprivation Working,Lower Deprivation Working,80%,10
E34004327,Skegness BUA,Higher Deprivation Working,Higher Deprivation Working,89%,1
E34004328,Malmesbury BUA,Lower Deprivation Working,Lower Deprivation Working,157%,9
E34004329,Danbury BUA,Lower Deprivation Residential,Lower Deprivation Residential,43%,9
E34004334,Hereford BUA,Mid Deprivation Working,Other,88%,5
E34004335,Formby BUA,Lower Deprivation Residential,Lower Deprivation Residential,51%,9
E34004336,Sandbach BUA,Lower Deprivation Mixed,Other,60%,8
E34004337,Edwinstowe BUA,Lower Deprivation Residential,Lower Deprivation Residential,32%,7
E34004338,St Ives (Cornwall) BUA,Higher Deprivation Working,Higher Deprivation Working,98%,4
E34004340,Pocklington BUA,Lower Deprivation Residential,Lower Deprivation Residential,46%,9
E34004343,Melton Mowbray BUA,Lower Deprivation Working,Lower Deprivation Working,76%,7
E34004346,Catterick Garrison BUA,Lower Deprivation Residential,Lower Deprivation Residential,38%,10
E34004349,Tonbridge BUA,Lower Deprivation Mixed,Other,64%,8
E34004354,Ravenshead BUA,Lower Deprivation Residential,Lower Deprivation Residential,31%,10
E34004358,Castle Donington BUA,Lower Deprivation Working,Lower Deprivation Working,232%,7
E34004367,Penkridge BUA,Lower Deprivation Residential,Lower Deprivation Residential,39%,8
E34004383,Boston BUA,Higher Deprivation Working,Higher Deprivation Working,84%,3
E34004388,Crowborough BUA,Lower Deprivation Mixed,Other,59%,9
E34004389,King's Lynn BUA,Higher Deprivation Working,Higher Deprivation Working,97%,2
E34004392,Haywards Heath BUA,Lower Deprivation Mixed,Other,62%,9
E34004393,Bridgwater BUA,Higher Deprivation Mixed,Other,64%,2
E34004397,Gainsborough BUA,Higher Deprivation Mixed,Other,62%,1
E34004398,Dover BUA,Higher Deprivation Mixed,Other,57%,2
E34004399,Maidstone BUA,Mid Deprivation Working,Other,83%,5
E34004403,Bath BUA,Lower Deprivation Working,Lower Deprivation Working,98%,7
E34004408,Scarborough BUA,Higher Deprivation Working,Higher Deprivation Working,78%,2
E34004409,Oxted BUA,Lower Deprivation Mixed,Other,65%,10
E34004415,Shepton Mallet BUA,Mid Deprivation Working,Other,75%,5
E34004421,Stone (Stafford) BUA,Lower Deprivation Working,Lower Deprivation Working,81%,8
E34004422,Godmanchester BUA,Lower Deprivation Mixed,Other,62%,9
E34004426,Polesworth BUA,Mid Deprivation Working,Other,183%,6
E34004435,Otford BUA,Lower Deprivation Working,Lower Deprivation Working,74%,10
E34004441,Kingsbridge BUA,Mid Deprivation Working,Other,88%,5
E34004442,Tewkesbury BUA,Mid Deprivation Working,Other,97%,6
E34004453,Bulford Camp BUA,Lower Deprivation Residential,Lower Deprivation Residential,24%,9
E34004458,West Clandon BUA,Lower Deprivation Residential,Lower Deprivation Residential,50%,10
E34004462,Prestwood BUA,Lower Deprivation Residential,Lower Deprivation Residential,55%,10
E34004471,Barnstaple BUA,Higher Deprivation Working,Higher Deprivation Working,116%,3
E34004474,Preesall BUA,Higher Deprivation Residential,Higher Deprivation Residential,36%,5
E34004479,Melksham BUA,Mid Deprivation Mixed,Other,69%,5
E34004483,Warminster BUA,Lower Deprivation Mixed,Other,65%,7
E34004484,Bridport BUA,Mid Deprivation Working,Other,80%,5
E34004485,Thame BUA,Lower Deprivation Working,Lower Deprivation Working,115%,10
E34004487,Durham BUA,Lower Deprivation Working,Lower Deprivation Working,96%,9
E34004546,Rowlands Gill BUA,Higher Deprivation Residential,Higher Deprivation Residential,26%,3
E35000002,Redcar BUASD,Higher Deprivation Mixed,Other,59%,2
E35000003,Kidderminster BUASD,Higher Deprivation Working,Higher Deprivation Working,73%,3
E35000004,Chadderton BUASD,Higher Deprivation Working,Higher Deprivation Working,99%,2
E35000006,Longbenton BUASD,Higher Deprivation Working,Higher Deprivation Working,112%,3
E35000012,Watford BUASD,Mid Deprivation Working,Other,135%,6
E35000013,Stevenage BUASD,Higher Deprivation Working,Higher Deprivation Working,87%,4
E35000015,Ramsbottom BUASD,Lower Deprivation Residential,Lower Deprivation Residential,51%,9
E35000021,Holmfirth BUASD,Lower Deprivation Working,Lower Deprivation Working,80%,8
E35000027,Chalford BUASD,Lower Deprivation Residential,Lower Deprivation Residential,39%,10
E35000032,Church BUASD,Higher Deprivation Working,Higher Deprivation Working,77%,1
E35000033,Bentley BUASD,Higher Deprivation Residential,Higher Deprivation Residential,36%,2
E35000035,Wednesbury BUASD,Higher Deprivation Mixed,Other,66%,1
E35000036,Bursledon BUASD,Mid Deprivation Residential,Other,48%,5
E35000037,Hyde (Tameside) BUASD,Higher Deprivation Mixed,Other,61%,2
E35000042,Clayton-le-Moors BUASD,Higher Deprivation Mixed,Other,66%,3
E35000043,Birstall BUASD,Lower Deprivation Residential,Lower Deprivation Residential,27%,8
E35000044,Urmston BUASD,Lower Deprivation Working,Lower Deprivation Working,160%,7
E35000050,Poynton BUASD,Lower Deprivation Residential,Lower Deprivation Residential,49%,10
E35000051,York BUASD,Lower Deprivation Working,Lower Deprivation Working,93%,7
E35000052,Hindley BUASD,Higher Deprivation Residential,Higher Deprivation Residential,33%,3
E35000056,Duffield BUASD,Lower Deprivation Residential,Lower Deprivation Residential,44%,10
E35000057,Innsworth BUASD,Lower Deprivation Working,Lower Deprivation Working,88%,8
E35000064,Uppermill BUASD,Lower Deprivation Working,Lower Deprivation Working,77%,10
E35000067,Seaton Delaval BUASD,Higher Deprivation Residential,Higher Deprivation Residential,32%,3
E35000069,Sedgley BUASD,Higher Deprivation Residential,Higher Deprivation Residential,24%,4
E35000070,Sandy BUASD,Mid Deprivation Mixed,Other,62%,5
E35000071,Launceston BUASD,Higher Deprivation Working,Higher Deprivation Working,72%,3
E35000072,Brinsley BUASD,Lower Deprivation Residential,Lower Deprivation Residential,29%,7
E35000079,Gorleston-on-Sea BUASD,Higher Deprivation Mixed,Other,64%,1
E35000083,North Ascot BUASD,Lower Deprivation Working,Lower Deprivation Working,93%,10
E35000084,Walton-on-the-Naze BUASD,Higher Deprivation Residential,Higher Deprivation Residential,26%,2
E35000088,Borrowash BUASD,Lower Deprivation Residential,Lower Deprivation Residential,29%,7
E35000092,Dunscroft BUASD,Higher Deprivation Residential,Higher Deprivation Residential,31%,3
E35000101,Fence Houses BUASD,Higher Deprivation Residential,Higher Deprivation Residential,33%,2
E35000104,Ware BUASD,Lower Deprivation Working,Lower Deprivation Working,72%,8
E35000106,Northam BUASD,Higher Deprivation Residential,Higher Deprivation Residential,45%,4
E35000108,Farnborough BUASD,Lower Deprivation Working,Lower Deprivation Working,89%,7
E35000114,Baldock BUASD,Lower Deprivation Residential,Lower Deprivation Residential,44%,7
E35000115,Letchworth Garden City BUASD,Higher Deprivation Working,Higher Deprivation Working,83%,4
E35000120,Chorley BUASD,Higher Deprivation Working,Higher Deprivation Working,77%,3
E35000121,Guiseley BUASD,Lower Deprivation Mixed,Other,59%,10
E35000125,Maidenhead BUASD,Lower Deprivation Working,Lower Deprivation Working,103%,8
E35000131,Basingstoke BUASD,Lower Deprivation Working,Lower Deprivation Working,88%,7
E35000135,Swanley BUASD,Higher Deprivation Residential,Higher Deprivation Residential,56%,3
E35000136,Horwich BUASD,Higher Deprivation Working,Higher Deprivation Working,108%,4
E35000137,Thornton (Wyre) BUASD,Mid Deprivation Residential,Other,36%,6
E35000138,Ruddington BUASD,Lower Deprivation Working,Lower Deprivation Working,87%,8
E35000141,Chorleywood BUASD,Lower Deprivation Residential,Lower Deprivation Residential,46%,10
E35000142,Shevington Vale BUASD,Lower Deprivation Residential,Lower Deprivation Residential,45%,9
E35000146,Hedon BUASD,Lower Deprivation Mixed,Other,68%,7
E35000148,Worthing BUASD,Mid Deprivation Working,Other,85%,5
E35000153,Saltdean BUASD,Lower Deprivation Residential,Lower Deprivation Residential,24%,8
E35000157,Romiley BUASD,Higher Deprivation Working,Higher Deprivation Working,77%,2
E35000158,Clifton (City of Nottingham) BUASD,Higher Deprivation Residential,Higher Deprivation Residential,37%,1
E35000159,South Elmsall BUASD,Higher Deprivation Working,Higher Deprivation Working,102%,2
E35000166,Ashton-in-Makerfield BUASD,Mid Deprivation Residential,Other,46%,5
E35000170,Prescot BUASD,Higher Deprivation Working,Higher Deprivation Working,75%,2
E35000173,Sale BUASD,Higher Deprivation Working,Higher Deprivation Working,79%,2
E35000175,South Kirkby BUASD,Higher Deprivation Residential,Higher Deprivation Residential,47%,1
E35000181,Eccles BUASD,Higher Deprivation Working,Higher Deprivation Working,85%,1
E35000183,Cottingham BUASD,Lower Deprivation Working,Lower Deprivation Working,93%,7
E35000191,Dewsbury BUASD,Higher Deprivation Working,Higher Deprivation Working,76%,1
E35000193,Syston BUASD,Lower Deprivation Working,Lower Deprivation Working,71%,7
E35000194,Morley BUASD,Higher Deprivation Working,Higher Deprivation Working,119%,5
E35000198,Gillingham BUASD,Higher Deprivation Mixed,Other,63%,4
E35000202,Pelton BUASD,Higher Deprivation Residential,Higher Deprivation Residential,17%,2
E35000203,Rothwell BUASD,Mid Deprivation Residential,Other,34%,5
E35000207,Aldershot BUASD,Mid Deprivation Mixed,Other,56%,5
E35000218,Dunstable BUASD,Higher Deprivation Residential,Higher Deprivation Residential,48%,4
E35000219,Trimley St Mary BUASD,Lower Deprivation Residential,Lower Deprivation Residential,45%,8
E35000220,Braunton BUASD,Lower Deprivation Residential,Lower Deprivation Residential,47%,8
E35000224,Hazel Grove BUASD,Lower Deprivation Working,Lower Deprivation Working,88%,9
E35000225,Northfleet BUASD,Higher Deprivation Residential,Higher Deprivation Residential,56%,3
E35000229,New Milton BUASD,Mid Deprivation Mixed,Other,66%,5
E35000230,Heckmondwike BUASD,Higher Deprivation Mixed,Other,61%,2
E35000236,Ashtead BUASD,Lower Deprivation Residential,Lower Deprivation Residential,53%,10
E35000243,Altrincham BUASD,Lower Deprivation Working,Lower Deprivation Working,129%,8
E35000246,Hullbridge BUASD,Lower Deprivation Residential,Lower Deprivation Residential,17%,7
E35000247,Bilston BUASD,Higher Deprivation Mixed,Other,62%,1
E35000248,Woodbridge BUASD,Lower Deprivation Working,Lower Deprivation Working,88%,7
E35000251,Winchester BUASD,Lower Deprivation Working,Lower Deprivation Working,119%,8
E35000252,Histon BUASD,Lower Deprivation Working,Lower Deprivation Working,89%,10
E35000254,Denton BUASD,Higher Deprivation Residential,Higher Deprivation Residential,52%,3
E35000255,Plymstock BUASD,Lower Deprivation Mixed,Other,59%,8
E35000257,Irlam BUASD,Higher Deprivation Working,Higher Deprivation Working,72%,2
E35000258,Bedworth BUASD,Higher Deprivation Residential,Higher Deprivation Residential,56%,3
E35000262,Whickham BUASD,Mid Deprivation Working,Other,124%,6
E35000267,Kirkby-in-Ashfield BUASD,Higher Deprivation Working,Higher Deprivation Working,103%,2
E35000268,Yatton BUASD,Lower Deprivation Residential,Lower Deprivation Residential,54%,8
E35000277,Middleton (Rochdale) BUASD,Higher Deprivation Residential,Higher Deprivation Residential,44%,1
E35000278,Swinton BUASD,Higher Deprivation Working,Higher Deprivation Working,76%,3
E35000279,Sandhurst BUASD,Lower Deprivation Mixed,Other,57%,10
E35000280,St Austell BUASD,Higher Deprivation Working,Higher Deprivation Working,70%,3
E35000281,Swallownest BUASD,Mid Deprivation Residential,Other,32%,5
E35000284,Dudley (Dudley) BUASD,Higher Deprivation Working,Higher Deprivation Working,105%,1
E35000289,Great Harwood BUASD,Higher Deprivation Residential,Higher Deprivation Residential,39%,3
E35000294,Groby BUASD,Lower Deprivation Residential,Lower Deprivation Residential,22%,10
E35000295,Knottingley BUASD,Higher Deprivation Residential,Higher Deprivation Residential,50%,1
E35000297,Cullompton BUASD,Mid Deprivation Mixed,Other,61%,5
E35000298,Wednesfield BUASD,Higher Deprivation Residential,Higher Deprivation Residential,51%,2
E35000300,Waterbeach BUASD,Lower Deprivation Working,Lower Deprivation Working,69%,10
E35000312,Ince-in-Makerfield BUASD,Higher Deprivation Mixed,Other,64%,1
E35000316,Salford BUASD,Higher Deprivation Working,Higher Deprivation Working,122%,1
E35000317,Halifax BUASD,Higher Deprivation Working,Higher Deprivation Working,84%,1
E35000322,Crowthorne BUASD,Lower Deprivation Working,Lower Deprivation Working,77%,10
E35000326,Bromsgrove BUASD,Mid Deprivation Working,Other,154%,6
E35000334,St Blazey BUASD,Higher Deprivation Mixed,Other,61%,3
E35000338,Gatley BUASD,Lower Deprivation Mixed,Other,64%,8
E35000339,Bloxwich BUASD,Higher Deprivation Residential,Higher Deprivation Residential,54%,1
E35000343,Pickering BUASD,Mid Deprivation Working,Other,89%,6
E35000347,Woburn Sands BUASD,Lower Deprivation Mixed,Other,61%,10
E35000348,Heathfield BUASD,Lower Deprivation Residential,Lower Deprivation Residential,50%,8
E35000354,Euxton BUASD,Lower Deprivation Residential,Lower Deprivation Residential,56%,9
E35000355,Weston BUASD,Higher Deprivation Residential,Higher Deprivation Residential,30%,5
E35000357,Kingswinford BUASD,Mid Deprivation Residential,Other,53%,5
E35000358,Uckfield BUASD,Lower Deprivation Mixed,Other,58%,8
E35000359,Wells BUASD,Mid Deprivation Working,Other,103%,6
E35000360,Hetton-le-Hole BUASD,Higher Deprivation Residential,Higher Deprivation Residential,28%,1
E35000362,Trowbridge BUASD,Mid Deprivation Mixed,Other,62%,5
E35000363,Redhill BUASD,Lower Deprivation Working,Lower Deprivation Working,76%,7
E35000364,Addlestone BUASD,Lower Deprivation Residential,Lower Deprivation Residential,54%,7
E35000368,Haydock BUASD,Higher Deprivation Working,Higher Deprivation Working,101%,3
E35000378,Coleford BUASD,Higher Deprivation Working,Higher Deprivation Working,87%,3
E35000380,Smethwick BUASD,Higher Deprivation Mixed,Other,66%,1
E35000381,Sutton in Ashfield BUASD,Higher Deprivation Working,Higher Deprivation Working,81%,2
E35000382,Kidlington BUASD,Lower Deprivation Working,Lower Deprivation Working,95%,9
E35000386,Chigwell BUASD,Mid Deprivation Residential,Other,38%,6
E35000387,Ossett BUASD,Mid Deprivation Mixed,Other,60%,5
E35000388,Mansfield Woodhouse BUASD,Higher Deprivation Residential,Higher Deprivation Residential,22%,3
E35000390,Southend-on-Sea BUASD,Higher Deprivation Working,Higher Deprivation Working,72%,2
E35000397,Brierley Hill BUASD,Higher Deprivation Working,Higher Deprivation Working,74%,2
E35000398,Wallasey BUASD,Higher Deprivation Residential,Higher Deprivation Residential,47%,1
E35000402,Harwich BUASD,Higher Deprivation Residential,Higher Deprivation Residential,35%,2
E35000403,Barrow upon Soar BUASD,Lower Deprivation Residential,Lower Deprivation Residential,47%,8
E35000404,Kendal BUASD,Lower Deprivation Working,Lower Deprivation Working,96%,8
E35000405,South Shields BUASD,Higher Deprivation Residential,Higher Deprivation Residential,50%,1
E35000414,Corsham BUASD,Mid Deprivation Working,Other,71%,6
E35000417,Mirfield BUASD,Lower Deprivation Residential,Lower Deprivation Residential,39%,7
E35000418,Coppull BUASD,Mid Deprivation Residential,Other,34%,5
E35000419,Norwich BUASD,Higher Deprivation Working,Higher Deprivation Working,102%,3
E35000422,Higham Ferrers BUASD,Lower Deprivation Residential,Lower Deprivation Residential,34%,8
E35000424,Norton-on-Derwent BUASD,Mid Deprivation Mixed,Other,69%,6
E35000427,Stourbridge BUASD,Higher Deprivation Mixed,Other,60%,4
E35000429,Westhoughton BUASD,Mid Deprivation Residential,Other,31%,5
E35000431,Felixstowe BUASD,Higher Deprivation Working,Higher Deprivation Working,97%,5
E35000436,Yate BUASD,Lower Deprivation Mixed,Other,69%,7
E35000438,Goldthorpe BUASD,Higher Deprivation Mixed,Other,65%,1
E35000439,Whitehaven BUASD,Higher Deprivation Mixed,Other,57%,3
E35000440,Baildon BUASD,Lower Deprivation Residential,Lower Deprivation Residential,50%,7
E35000441,Shefford BUASD,Lower Deprivation Residential,Lower Deprivation Residential,51%,8
E35000442,Lees BUASD,Mid Deprivation Residential,Other,28%,6
E35000444,Steyning BUASD,Lower Deprivation Residential,Lower Deprivation Residential,54%,9
E35000450,Nuneaton BUASD,Higher Deprivation Mixed,Other,65%,3
E35000453,Wisbech BUASD,Higher Deprivation Working,Higher Deprivation Working,72%,2
E35000455,Chatham BUASD,Higher Deprivation Residential,Higher Deprivation Residential,53%,2
E35000458,Dukinfield BUASD,Higher Deprivation Mixed,Other,62%,2
E35000462,Falmouth BUASD,Higher Deprivation Working,Higher Deprivation Working,89%,4
E35000465,How Wood BUASD,Lower Deprivation Residential,Lower Deprivation Residential,28%,10
E35000467,Farnworth BUASD,Higher Deprivation Mixed,Other,65%,1
E35000470,Sawbridgeworth BUASD,Lower Deprivation Residential,Lower Deprivation Residential,49%,9
E35000473,Whitstable BUASD,Mid Deprivation Residential,Other,54%,6
E35000475,Cleckheaton BUASD,Mid Deprivation Working,Other,86%,5
E35000476,Halesowen BUASD,Higher Deprivation Working,Higher Deprivation Working,71%,4
E35000477,Nailsea BUASD,Lower Deprivation Residential,Lower Deprivation Residential,48%,9
E35000481,Ashford (Spelthorne) BUASD,Lower Deprivation Residential,Lower Deprivation Residential,38%,9
E35000483,Sutton Coldfield BUASD,Lower Deprivation Working,Lower Deprivation Working,73%,8
E35000485,Northwood BUASD,Lower Deprivation Working,Lower Deprivation Working,120%,10
E35000487,Narborough/Enderby BUASD,Lower Deprivation Working,Lower Deprivation Working,305%,9
E35000490,Great Notley BUASD,Lower Deprivation Residential,Lower Deprivation Residential,47%,10
E35000491,North Wingfield BUASD,Higher Deprivation Mixed,Other,64%,2
E35000498,Burnley BUASD,Higher Deprivation Working,Higher Deprivation Working,71%,1
E35000499,Soham BUASD,Lower Deprivation Residential,Lower Deprivation Residential,36%,7
E35000502,Hatfield BUASD,Mid Deprivation Working,Other,127%,6
E35000507,Burnham-on-Sea BUASD,Higher Deprivation Mixed,Other,67%,4
E35000508,Ingatestone BUASD,Lower Deprivation Mixed,Other,56%,9
E35000510,Bingley BUASD,Lower Deprivation Residential,Lower Deprivation Residential,52%,7
E35000513,Blackwater BUASD,Lower Deprivation Working,Lower Deprivation Working,90%,9
E35000514,Crosby BUASD,Higher Deprivation Mixed,Other,56%,3
E35000516,Sandown BUASD,Higher Deprivation Mixed,Other,66%,2
E35000523,Hessle BUASD,Mid Deprivation Working,Other,124%,6
E35000528,Bishop Auckland BUASD,Higher Deprivation Working,Higher Deprivation Working,76%,1
E35000529,Immingham BUASD,Higher Deprivation Working,Higher Deprivation Working,132%,1
E35000538,Bootle BUASD,Higher Deprivation Working,Higher Deprivation Working,87%,1
E35000549,Brough BUASD,Lower Deprivation Working,Lower Deprivation Working,84%,10
E35000550,Ouston BUASD,Lower Deprivation Residential,Lower Deprivation Residential,18%,9
E35000551,Polegate BUASD,Mid Deprivation Residential,Other,46%,5
E35000553,Haworth BUASD,Lower Deprivation Residential,Lower Deprivation Residential,34%,7
E35000562,Great Wyrley BUASD,Mid Deprivation Residential,Other,29%,5
E35000563,Thrapston BUASD,Lower Deprivation Working,Lower Deprivation Working,89%,9
E35000565,Broadstairs BUASD,Mid Deprivation Working,Other,117%,5
E35000567,Banstead BUASD,Lower Deprivation Mixed,Other,61%,10
E35000569,Cheadle BUASD,Mid Deprivation Working,Other,134%,5
E35000570,Waltham BUASD,Lower Deprivation Residential,Lower Deprivation Residential,34%,9
E35000572,Rawtenstall BUASD,Higher Deprivation Residential,Higher Deprivation Residential,53%,3
E35000573,Houghton Regis BUASD,Higher Deprivation Mixed,Other,64%,2
E35000574,Rowley Regis BUASD,Higher Deprivation Residential,Higher Deprivation Residential,43%,1
E35000575,Workington BUASD,Higher Deprivation Mixed,Other,64%,2
E35000580,Billingham BUASD,Higher Deprivation Mixed,Other,57%,3
E35000582,Hebburn BUASD,Higher Deprivation Residential,Higher Deprivation Residential,36%,1
E35000583,Midsomer Norton BUASD,Lower Deprivation Mixed,Other,65%,8
E35000588,Aldridge BUASD,Higher Deprivation Working,Higher Deprivation Working,76%,4
E35000589,Kimberley BUASD,Mid Deprivation Residential,Other,45%,5
E35000590,Macclesfield BUASD,Mid Deprivation Working,Other,108%,6
E35000591,Windsor BUASD,Lower Deprivation Working,Lower Deprivation Working,103%,9
E35000595,Walkden BUASD,Mid Deprivation Mixed,Other,59%,5
E35000597,Darlaston BUASD,Higher Deprivation Mixed,Other,59%,1
E35000601,Whitburn BUASD,Higher Deprivation Residential,Higher Deprivation Residential,13%,3
E35000603,Burton Latimer BUASD,Mid Deprivation Residential,Other,54%,5
E35000605,Hucknall BUASD,Higher Deprivation Mixed,Other,62%,3
E35000608,Oldbury (Sandwell) BUASD,Higher Deprivation Working,Higher Deprivation Working,197%,1
E35000610,Dodworth BUASD,Mid Deprivation Working,Other,88%,5
E35000618,Stalybridge BUASD,Higher Deprivation Residential,Higher Deprivation Residential,46%,2
E35000619,Stapleford BUASD,Higher Deprivation Residential,Higher Deprivation Residential,35%,4
E35000621,Moorends BUASD,Higher Deprivation Residential,Higher Deprivation Residential,27%,1
E35000624,Bury St Edmunds BUASD,Lower Deprivation Working,Lower Deprivation Working,125%,7
E35000629,Romsey BUASD,Lower Deprivation Working,Lower Deprivation Working,89%,9
E35000631,Caterham BUASD,Lower Deprivation Mixed,Other,57%,9
E35000633,Thatcham BUASD,Lower Deprivation Residential,Lower Deprivation Residential,55%,8
E35000634,Sheringham BUASD,Mid Deprivation Working,Other,70%,6
E35000635,Carterton BUASD,Lower Deprivation Residential,Lower Deprivation Residential,21%,10
E35000639,Eastbourne BUASD,Higher Deprivation Working,Higher Deprivation Working,84%,4
E35000640,Darwen BUASD,Higher Deprivation Mixed,Other,56%,2
E35000644,Horbury BUASD,Lower Deprivation Residential,Lower Deprivation Residential,49%,7
E35000648,Braintree BUASD,Higher Deprivation Mixed,Other,63%,5
E35000652,Carlton (Gedling) BUASD,Higher Deprivation Residential,Higher Deprivation Residential,45%,4
E35000657,Wallingford BUASD,Lower Deprivation Working,Lower Deprivation Working,104%,8
E35000660,Horsham BUASD,Lower Deprivation Working,Lower Deprivation Working,86%,9
E35000666,Bacup BUASD,Higher Deprivation Residential,Higher Deprivation Residential,34%,1
E35000668,Tyldesley BUASD,Mid Deprivation Residential,Other,24%,6
E35000669,Castleford BUASD,Higher Deprivation Working,Higher Deprivation Working,106%,2
E35000672,Woodingdean BUASD,Higher Deprivation Residential,Higher Deprivation Residential,35%,3
E35000674,Heywood BUASD,Higher Deprivation Working,Higher Deprivation Working,88%,1
E35000676,Bramhall BUASD,Lower Deprivation Residential,Lower Deprivation Residential,39%,10
E35000681,Hartley (Sevenoaks) BUASD,Lower Deprivation Residential,Lower Deprivation Residential,45%,9
E35000682,Thurnscoe BUASD,Higher Deprivation Residential,Higher Deprivation Residential,21%,1
E35000684,Radstock BUASD,Higher Deprivation Residential,Higher Deprivation Residential,53%,4
E35000688,Crawley BUASD,Mid Deprivation Working,Other,129%,5
E35000689,Worsbrough BUASD,Higher Deprivation Residential,Higher Deprivation Residential,27%,1
E35000690,Littlehampton BUASD,Mid Deprivation Residential,Other,53%,5
E35000692,Goole BUASD,Higher Deprivation Mixed,Other,62%,3
E35000697,Mexborough BUASD,Higher Deprivation Residential,Higher Deprivation Residential,40%,1
E35000699,East Wittering BUASD,Mid Deprivation Residential,Other,37%,5
E35000700,Chichester BUASD,Mid Deprivation Working,Other,139%,6
E35000703,Sturry BUASD,Lower Deprivation Working,Lower Deprivation Working,72%,7
E35000707,Cromer BUASD,Higher Deprivation Working,Higher Deprivation Working,91%,3
E35000708,Ewell BUASD,Lower Deprivation Mixed,Other,62%,9
E35000715,Throckley BUASD,Higher Deprivation Residential,Higher Deprivation Residential,31%,1
E35000718,Penryn BUASD,Higher Deprivation Mixed,Other,62%,4
E35000719,Borehamwood BUASD,Higher Deprivation Working,Higher Deprivation Working,101%,4
E35000726,Royton BUASD,Mid Deprivation Working,Other,72%,6
E35000727,Kibworth Harcourt BUASD,Lower Deprivation Residential,Lower Deprivation Residential,48%,9
E35000728,Thornton (Bradford) BUASD,Higher Deprivation Residential,Higher Deprivation Residential,18%,4
E35000731,Shipley BUASD,Higher Deprivation Mixed,Other,69%,2
E35000734,Droylsden BUASD,Higher Deprivation Residential,Higher Deprivation Residential,23%,3
E35000735,Thorne BUASD,Higher Deprivation Mixed,Other,64%,2
E35000745,Banbury BUASD,Higher Deprivation Working,Higher Deprivation Working,98%,4
E35000753,Sevenoaks BUASD,Lower Deprivation Working,Lower Deprivation Working,97%,10
E35000754,Bollington BUASD,Lower Deprivation Working,Lower Deprivation Working,83%,9
E35000756,Shevington BUASD,Lower Deprivation Residential,Lower Deprivation Residential,24%,7
E35000757,Blackburn BUASD,Higher Deprivation Working,Higher Deprivation Working,86%,1
E35000760,Kempston BUASD,Higher Deprivation Working,Higher Deprivation Working,82%,3
E35000761,Cirencester BUASD,Lower Deprivation Working,Lower Deprivation Working,121%,7
E35000768,Whetstone BUASD,Lower Deprivation Working,Lower Deprivation Working,74%,8
E35000772,Brighouse BUASD,Mid Deprivation Working,Other,132%,5
E35000775,Nelson (Pendle) BUASD,Higher Deprivation Residential,Higher Deprivation Residential,53%,1
E35000776,Whitefield BUASD,Higher Deprivation Residential,Higher Deprivation Residential,37%,2
E35000778,Truro BUASD,Higher Deprivation Working,Higher Deprivation Working,189%,4
E35000779,Arnold BUASD,Mid Deprivation Residential,Other,41%,5
E35000780,Stamford BUASD,Lower Deprivation Mixed,Other,66%,7
E35000781,Broseley BUASD,Mid Deprivation Residential,Other,28%,5
E35000785,Taunton BUASD,Mid Deprivation Working,Other,103%,5
E35000787,Ashton-under-Lyne BUASD,Higher Deprivation Working,Higher Deprivation Working,87%,1
E35000789,Eckington BUASD,Higher Deprivation Residential,Higher Deprivation Residential,42%,4
E35000793,New Mills BUASD,Lower Deprivation Residential,Lower Deprivation Residential,46%,7
E35000797,Oaklands BUASD,Lower Deprivation Residential,Lower Deprivation Residential,32%,10
E35000801,Poole BUASD,Mid Deprivation Working,Other,97%,6
E35000803,Windermere BUASD,Lower Deprivation Working,Lower Deprivation Working,79%,8
E35000804,Ackworth Moor Top BUASD,Lower Deprivation Residential,Lower Deprivation Residential,26%,7
E35000811,Rushden BUASD,Mid Deprivation Residential,Other,51%,5
E35000813,Alsager BUASD,Lower Deprivation Residential,Lower Deprivation Residential,38%,7
E35000814,Oswaldtwistle BUASD,Higher Deprivation Residential,Higher Deprivation Residential,35%,4
E35000817,Horndean BUASD,Lower Deprivation Residential,Lower Deprivation Residential,51%,7
E35000829,Southwick BUASD,Higher Deprivation Residential,Higher Deprivation Residential,45%,4
E35000831,Dartmouth BUASD,Mid Deprivation Working,Other,96%,5
E35000833,Coseley BUASD,Higher Deprivation Residential,Higher Deprivation Residential,18%,2
E35000835,Christchurch BUASD,Lower Deprivation Working,Lower Deprivation Working,76%,7
E35000841,Birkenhead BUASD,Higher Deprivation Mixed,Other,69%,1
E35000842,Fulwood BUASD,Mid Deprivation Working,Other,81%,6
E35000843,Great Yarmouth BUASD,Higher Deprivation Working,Higher Deprivation Working,87%,1
E35000848,Ingleby Barwick BUASD,Lower Deprivation Residential,Lower Deprivation Residential,27%,10
E35000850,Breaston BUASD,Lower Deprivation Residential,Lower Deprivation Residential,33%,7
E35000853,North Hykeham BUASD,Lower Deprivation Working,Lower Deprivation Working,103%,8
E35000869,Wivenhoe BUASD,Lower Deprivation Residential,Lower Deprivation Residential,21%,9
E35000872,Didcot BUASD,Lower Deprivation Working,Lower Deprivation Working,91%,8
E35000874,Chadwell St Mary BUASD,Higher Deprivation Residential,Higher Deprivation Residential,19%,1
E35000876,Waltham Cross BUASD,Higher Deprivation Working,Higher Deprivation Working,136%,2
E35000877,Eastwood BUASD,Higher Deprivation Mixed,Other,63%,3
E35000879,Bordon BUASD,Lower Deprivation Residential,Lower Deprivation Residential,40%,7
E35000880,Camborne BUASD,Higher Deprivation Working,Higher Deprivation Working,74%,1
E35000882,Blackheath BUASD,Higher Deprivation Mixed,Other,59%,1
E35000883,Taverham BUASD,Lower Deprivation Residential,Lower Deprivation Residential,40%,9
E35000885,Little Lever BUASD,Mid Deprivation Residential,Other,21%,6
E35000888,Atherton BUASD,Higher Deprivation Mixed,Other,61%,2
E35000892,St Ives BUASD,Lower Deprivation Working,Lower Deprivation Working,73%,8
E35000897,Marlborough BUASD,Lower Deprivation Working,Lower Deprivation Working,91%,8
E35000899,Hertford BUASD,Lower Deprivation Working,Lower Deprivation Working,152%,8
E35000901,West Bridgford BUASD,Lower Deprivation Mixed,Other,63%,9
E35000902,Bletchley BUASD,Higher Deprivation Working,Higher Deprivation Working,94%,2
E35000904,Berkhamsted BUASD,Lower Deprivation Working,Lower Deprivation Working,100%,10
E35000906,Knaresborough BUASD,Lower Deprivation Working,Lower Deprivation Working,73%,9
E35000908,Willenhall BUASD,Higher Deprivation Mixed,Other,62%,1
E35000910,Helston BUASD,Mid Deprivation Working,Other,69%,5
E35000913,Bulkington BUASD,Lower Deprivation Residential,Lower Deprivation Residential,27%,7
E35000923,Ramsgate BUASD,Higher Deprivation Residential,Higher Deprivation Residential,48%,1
E35000924,Adlington BUASD,Lower Deprivation Residential,Lower Deprivation Residential,42%,7
E35000925,Kippax BUASD,Lower Deprivation Residential,Lower Deprivation Residential,19%,7
E35000926,Penzance BUASD,Higher Deprivation Working,Higher Deprivation Working,81%,1
E35000932,Cheadle Hulme BUASD,Lower Deprivation Mixed,Other,59%,9
E35000933,Radcliffe BUASD,Higher Deprivation Residential,Higher Deprivation Residential,37%,2
E35000934,Coalville BUASD,Higher Deprivation Mixed,Other,62%,4
E35000938,Garstang BUASD,Lower Deprivation Mixed,Other,58%,9
E35000940,Tipton BUASD,Higher Deprivation Residential,Higher Deprivation Residential,45%,1
E35000950,Bridlington BUASD,Higher Deprivation Residential,Higher Deprivation Residential,49%,1
E35000952,Litherland BUASD,Higher Deprivation Residential,Higher Deprivation Residential,22%,1
E35000953,Kirkham BUASD,Mid Deprivation Mixed,Other,66%,6
E35000961,Barnsley BUASD,Higher Deprivation Working,Higher Deprivation Working,77%,2
E35000962,Platt Bridge BUASD,Higher Deprivation Residential,Higher Deprivation Residential,26%,2
E35000963,Luton BUASD,Higher Deprivation Working,Higher Deprivation Working,83%,2
E35000964,Wath upon Dearne BUASD,Higher Deprivation Working,Higher Deprivation Working,112%,2
E35000965,Quorn (Quorndon) BUASD,Lower Deprivation Residential,Lower Deprivation Residential,39%,10
E35000969,Burscough BUASD,Mid Deprivation Mixed,Other,69%,6
E35000970,Dursley BUASD,Mid Deprivation Residential,Other,37%,6
E35000975,Harrogate BUASD,Lower Deprivation Working,Lower Deprivation Working,98%,8
E35000976,Godalming BUASD,Lower Deprivation Working,Lower Deprivation Working,89%,9
E35000979,Kingsteignton BUASD,Lower Deprivation Residential,Lower Deprivation Residential,51%,7
E35000985,Bebington BUASD,Mid Deprivation Working,Other,81%,5
E35000986,East Cowes BUASD,Higher Deprivation Residential,Higher Deprivation Residential,39%,2
E35000987,Frampton Cotterell/Winterbourne BUASD,Lower Deprivation Residential,Lower Deprivation Residential,34%,9
E35000992,Long Eaton BUASD,Higher Deprivation Residential,Higher Deprivation Residential,53%,4
E35000993,West Bromwich (East) BUASD,Higher Deprivation Residential,Higher Deprivation Residential,21%,5
E35000995,Bolton Upon Dearne BUASD,Higher Deprivation Residential,Higher Deprivation Residential,26%,1
E35000997,Lytham St Anne's BUASD,Mid Deprivation Working,Other,69%,6
E35000998,Wellington BUASD,Mid Deprivation Mixed,Other,67%,5
E35001001,Failsworth BUASD,Higher Deprivation Residential,Higher Deprivation Residential,44%,2
E35001004,Haslingden BUASD,Higher Deprivation Residential,Higher Deprivation Residential,55%,4
E35001007,Heysham BUASD,Higher Deprivation Residential,Higher Deprivation Residential,41%,2
E35001011,Cleethorpes BUASD,Higher Deprivation Residential,Higher Deprivation Residential,53%,2
E35001012,Walton-on-Thames BUASD,Lower Deprivation Working,Lower Deprivation Working,71%,8
E35001013,Pudsey BUASD,Mid Deprivation Mixed,Other,67%,6
E35001014,Grayshott BUASD,Lower Deprivation Working,Lower Deprivation Working,91%,10
E35001027,Pontefract BUASD,Higher Deprivation Residential,Higher Deprivation Residential,54%,3
E35001028,Stretford BUASD,Higher Deprivation Residential,Higher Deprivation Residential,56%,3
E35001036,Teignmouth BUASD,Higher Deprivation Residential,Higher Deprivation Residential,45%,3
E35001040,Crewe BUASD,Higher Deprivation Working,Higher Deprivation Working,71%,3
E35001042,Gravesend BUASD,Higher Deprivation Residential,Higher Deprivation Residential,47%,3
E35001045,Frimley BUASD,Lower Deprivation Working,Lower Deprivation Working,171%,10
E35001053,Wraysbury BUASD,Lower Deprivation Mixed,Other,62%,10
E35001055,Newton Abbot BUASD,Higher Deprivation Working,Higher Deprivation Working,92%,4
E35001056,Morecambe BUASD,Higher Deprivation Working,Higher Deprivation Working,74%,2
E35001059,Sileby BUASD,Mid Deprivation Residential,Other,40%,6
E35001061,Cleveleys BUASD,Higher Deprivation Residential,Higher Deprivation Residential,25%,3
E35001065,Paulton BUASD,Lower Deprivation Residential,Lower Deprivation Residential,39%,7
E35001066,Stakeford BUASD,Higher Deprivation Residential,Higher Deprivation Residential,28%,3
E35001069,Yateley BUASD,Lower Deprivation Residential,Lower Deprivation Residential,49%,10
E35001070,Stonehouse BUASD,Mid Deprivation Working,Other,193%,5
E35001073,Armthorpe BUASD,Higher Deprivation Mixed,Other,62%,4
E35001075,Stainforth BUASD,Higher Deprivation Residential,Higher Deprivation Residential,20%,1
E35001085,Keighley BUASD,Higher Deprivation Residential,Higher Deprivation Residential,56%,1
E35001086,Burnham-on-Crouch BUASD,Mid Deprivation Residential,Other,53%,5
E35001090,Selston BUASD,Higher Deprivation Residential,Higher Deprivation Residential,18%,4
E35001094,Havant BUASD,Higher Deprivation Working,Higher Deprivation Working,82%,2
E35001095,Golborne BUASD,Mid Deprivation Working,Other,80%,5
E35001097,Cheshunt BUASD,Mid Deprivation Residential,Other,40%,5
E35001099,Shaw (Oldham) BUASD,Higher Deprivation Working,Higher Deprivation Working,75%,4
E35001102,Earl Shilton BUASD,Higher Deprivation Residential,Higher Deprivation Residential,24%,4
E35001106,Shanklin BUASD,Higher Deprivation Mixed,Other,64%,2
E35001109,Whitnash BUASD,Lower Deprivation Residential,Lower Deprivation Residential,20%,9
E35001112,Hythe BUASD,Mid Deprivation Residential,Other,50%,5
E35001114,Mossley BUASD,Higher Deprivation Residential,Higher Deprivation Residential,30%,4
E35001115,Maltby BUASD,Higher Deprivation Residential,Higher Deprivation Residential,32%,2
E35001116,Totton BUASD,Lower Deprivation Mixed,Other,61%,7
E35001118,Portslade-by-Sea BUASD,Higher Deprivation Mixed,Other,60%,3
E35001121,Cross Hills BUASD,Lower Deprivation Mixed,Other,61%,8
E35001127,West Kirby BUASD,Lower Deprivation Residential,Lower Deprivation Residential,49%,8
E35001128,Blaydon BUASD,Higher Deprivation Mixed,Other,63%,2
E35001129,Killamarsh BUASD,Mid Deprivation Residential,Other,40%,6
E35001131,Milnrow BUASD,Higher Deprivation Residential,Higher Deprivation Residential,56%,4
E35001132,Bishop's Cleeve BUASD,Lower Deprivation Residential,Lower Deprivation Residential,32%,9
E35001137,Ringwood BUASD,Lower Deprivation Working,Lower Deprivation Working,104%,7
E35001140,Dorking BUASD,Lower Deprivation Working,Lower Deprivation Working,107%,8
E35001141,Rawmarsh BUASD,Higher Deprivation Residential,Higher Deprivation Residential,46%,1
E35001145,Barrowford BUASD,Lower Deprivation Residential,Lower Deprivation Residential,51%,9
E35001146,Bournemouth BUASD,Higher Deprivation Working,Higher Deprivation Working,81%,4
E35001147,Kearsley BUASD,Higher Deprivation Residential,Higher Deprivation Residential,49%,3
E35001149,Ashford (Ashford) BUASD,Higher Deprivation Working,Higher Deprivation Working,99%,3
E35001152,Southborough BUASD,Mid Deprivation Residential,Other,31%,6
E35001153,Welwyn Garden City BUASD,Mid Deprivation Working,Other,141%,5
E35001154,Chalfont St Giles BUASD,Lower Deprivation Residential,Lower Deprivation Residential,46%,10
E35001155,Cowes BUASD,Mid Deprivation Mixed,Other,68%,6
E35001157,Cudworth BUASD,Higher Deprivation Residential,Higher Deprivation Residential,36%,2
E35001158,Sandiacre BUASD,Mid Deprivation Residential,Other,50%,6
E35001159,Doncaster BUASD,Higher Deprivation Working,Higher Deprivation Working,106%,2
E35001160,Selby BUASD,Higher Deprivation Working,Higher Deprivation Working,79%,3
E35001161,Hartlepool BUASD,Higher Deprivation Mixed,Other,59%,1
E35001162,Wickford BUASD,Lower Deprivation Residential,Lower Deprivation Residential,44%,7
E35001164,Broomhall/Windlesham/Virginia Water BUASD,Lower Deprivation Working,Lower Deprivation Working,87%,10
E35001165,Eastleigh BUASD,Lower Deprivation Working,Lower Deprivation Working,101%,9
E35001167,Kettering BUASD,Higher Deprivation Working,Higher Deprivation Working,112%,4
E35001171,Lymington BUASD,Lower Deprivation Working,Lower Deprivation Working,88%,7
E35001175,Royston BUASD,Higher Deprivation Residential,Higher Deprivation Residential,18%,2
E35001176,Diss BUASD,Mid Deprivation Working,Other,90%,5
E35001178,Longton BUASD,Lower Deprivation Residential,Lower Deprivation Residential,46%,10
E35001180,Esher BUASD,Lower Deprivation Mixed,Other,66%,10
E35001181,Ryton BUASD,Mid Deprivation Residential,Other,28%,5
E35001182,Rochdale BUASD,Higher Deprivation Mixed,Other,66%,1
E35001183,St Albans BUASD,Lower Deprivation Working,Lower Deprivation Working,91%,8
E35001185,North Walney BUASD,Higher Deprivation Residential,Higher Deprivation Residential,15%,4
E35001186,Kiveton Park BUASD,Mid Deprivation Working,Other,86%,5
E35001187,Catshill BUASD,Lower Deprivation Residential,Lower Deprivation Residential,28%,8
E35001190,Canterbury BUASD,Mid Deprivation Working,Other,97%,6
E35001191,Normanton BUASD,Higher Deprivation Working,Higher Deprivation Working,83%,4
E35001192,Folkestone BUASD,Higher Deprivation Mixed,Other,62%,2
E35001194,St Neots BUASD,Mid Deprivation Mixed,Other,58%,6
E35001195,Fareham BUASD,Lower Deprivation Working,Lower Deprivation Working,78%,8
E35001196,Sunderland BUASD,Higher Deprivation Working,Higher Deprivation Working,71%,1
E35001197,Ripley BUASD,Higher Deprivation Working,Higher Deprivation Working,76%,4
E35001198,Farnham BUASD,Lower Deprivation Working,Lower Deprivation Working,90%,9
E35001199,Bolton BUASD,Higher Deprivation Mixed,Other,67%,1
E35001200,Guildford BUASD,Lower Deprivation Working,Lower Deprivation Working,113%,9
E35001201,Northampton BUASD,Higher Deprivation Working,Higher Deprivation Working,103%,3
E35001202,Heanor BUASD,Higher Deprivation Residential,Higher Deprivation Residential,53%,3
E35001203,Burntwood BUASD,Mid Deprivation Residential,Other,47%,6
E35001205,Abingdon BUASD,Lower Deprivation Working,Lower Deprivation Working,70%,9
E35001208,Worsley BUASD,Lower Deprivation Residential,Lower Deprivation Residential,28%,9
E35001210,High Wycombe BUASD,Lower Deprivation Working,Lower Deprivation Working,90%,7
E35001213,East Grinstead BUASD,Lower Deprivation Mixed,Other,68%,10
E35001214,Brownhills BUASD,Higher Deprivation Mixed,Other,56%,2
E35001215,Atherstone BUASD,Higher Deprivation Working,Higher Deprivation Working,121%,3
E35001216,Burton upon Trent BUASD,Higher Deprivation Working,Higher Deprivation Working,86%,4
E35001217,Bamber Bridge BUASD,Lower Deprivation Mixed,Other,58%,7
E35001218,Wilmslow BUASD,Lower Deprivation Working,Lower Deprivation Working,116%,8
E35001219,Gloucester BUASD,Higher Deprivation Working,Higher Deprivation Working,87%,4
E35001220,Otley BUASD,Lower Deprivation Residential,Lower Deprivation Residential,56%,7
E35001221,Bushey BUASD,Lower Deprivation Mixed,Other,66%,8
E35001222,Gateshead BUASD,Higher Deprivation Working,Higher Deprivation Working,85%,1
E35001223,Newport Pagnell BUASD,Lower Deprivation Residential,Lower Deprivation Residential,56%,9
E35001224,Ilkeston BUASD,Higher Deprivation Mixed,Other,65%,2
E35001225,Newton-le-Willows BUASD,Higher Deprivation Mixed,Other,67%,2
E35001227,Tilbury BUASD,Higher Deprivation Mixed,Other,64%,1
E35001228,Droitwich BUASD,Mid Deprivation Mixed,Other,58%,5
E35001229,Mountsorrel BUASD,Lower Deprivation Residential,Lower Deprivation Residential,36%,7
E35001230,Chesterfield BUASD,Higher Deprivation Working,Higher Deprivation Working,90%,3
E35001232,Billericay BUASD,Lower Deprivation Mixed,Other,64%,10
E35001234,Bideford BUASD,Higher Deprivation Mixed,Other,61%,3
E35001235,Wendover BUASD,Lower Deprivation Residential,Lower Deprivation Residential,43%,10
E35001236,Jarrow BUASD,Higher Deprivation Mixed,Other,66%,1
E35001238,Tamworth BUASD,Higher Deprivation Mixed,Other,59%,3
E35001239,Newbury BUASD,Lower Deprivation Working,Lower Deprivation Working,141%,7
E35001240,Hale (Trafford) BUASD,Lower Deprivation Working,Lower Deprivation Working,72%,10
E35001241,Weymouth BUASD,Higher Deprivation Residential,Higher Deprivation Residential,54%,4
E35001242,Bracknell BUASD,Lower Deprivation Working,Lower Deprivation Working,98%,7
E35001244,Cinderford BUASD,Higher Deprivation Residential,Higher Deprivation Residential,50%,3
E35001245,Cookham BUASD,Lower Deprivation Residential,Lower Deprivation Residential,47%,10
E35001246,Ferndown BUASD,Lower Deprivation Working,Lower Deprivation Working,115%,8
E35001248,Cannock BUASD,Higher Deprivation Mixed,Other,56%,3
E35001249,Royal Tunbridge Wells BUASD,Lower Deprivation Working,Lower Deprivation Working,92%,8
E35001250,Preston BUASD,Higher Deprivation Working,Higher Deprivation Working,96%,2
E35001251,Oldham BUASD,Higher Deprivation Mixed,Other,68%,1
E35001252,Mildenhall BUASD,Mid Deprivation Residential,Other,49%,6
E35001256,Accrington BUASD,Higher Deprivation Mixed,Other,59%,1
E35001257,Bedford BUASD,Higher Deprivation Working,Higher Deprivation Working,92%,3
E35001258,Peterlee BUASD,Higher Deprivation Residential,Higher Deprivation Residential,35%,1
E35001260,Exeter BUASD,Mid Deprivation Working,Other,118%,5
E35001263,Corby BUASD,Higher Deprivation Working,Higher Deprivation Working,77%,2
E35001264,Reigate BUASD,Lower Deprivation Working,Lower Deprivation Working,109%,9
E35001266,Stourport-on-Severn BUASD,Higher Deprivation Residential,Higher Deprivation Residential,51%,4
E35001267,Prudhoe BUASD,Mid Deprivation Residential,Other,56%,5
E35001268,Hastings BUASD,Higher Deprivation Working,Higher Deprivation Working,74%,1
E35001270,Stockport BUASD,Higher Deprivation Working,Higher Deprivation Working,103%,3
E35001272,Rugby BUASD,Mid Deprivation Working,Other,85%,6
E35001276,Marlow BUASD,Lower Deprivation Working,Lower Deprivation Working,140%,9
E35001278,Aylesbury BUASD,Mid Deprivation Working,Other,82%,6
E35001279,Solihull BUASD,Lower Deprivation Working,Lower Deprivation Working,102%,8
E35001281,Ipswich BUASD,Higher Deprivation Working,Higher Deprivation Working,88%,3
E35001282,Liversedge BUASD,Higher Deprivation Residential,Higher Deprivation Residential,43%,3
E35001283,Penistone BUASD,Lower Deprivation Residential,Lower Deprivation Residential,32%,8
E35001284,Basildon BUASD,Higher Deprivation Working,Higher Deprivation Working,88%,1
E35001286,Worksop BUASD,Higher Deprivation Working,Higher Deprivation Working,83%,3
E35001287,Chertsey BUASD,Mid Deprivation Working,Other,138%,6
E35001288,Chelmsford BUASD,Lower Deprivation Working,Lower Deprivation Working,108%,7
E35001290,Standish BUASD,Lower Deprivation Residential,Lower Deprivation Residential,48%,8
E35001291,Fazeley BUASD,Mid Deprivation Working,Other,152%,5
E35001292,Andover BUASD,Mid Deprivation Working,Other,84%,6
E35001293,Watton BUASD,Mid Deprivation Residential,Other,45%,6
E35001295,Warlingham BUASD,Lower Deprivation Residential,Lower Deprivation Residential,38%,10
E35001297,Wingerworth BUASD,Lower Deprivation Residential,Lower Deprivation Residential,22%,10
E35001298,Woking BUASD,Lower Deprivation Working,Lower Deprivation Working,81%,9
E35001299,Chesham BUASD,Mid Deprivation Working,Other,73%,6
E35001301,Woodley BUASD,Lower Deprivation Working,Lower Deprivation Working,102%,9
E35001302,Yeadon BUASD,Lower Deprivation Working,Lower Deprivation Working,94%,7
E35001303,Clay Cross BUASD,Higher Deprivation Mixed,Other,60%,2
E35001305,Runcorn BUASD,Higher Deprivation Working,Higher Deprivation Working,86%,1
E35001306,Wellingborough BUASD,Higher Deprivation Working,Higher Deprivation Working,83%,2
E35001307,Telford BUASD,Higher Deprivation Working,Higher Deprivation Working,90%,2
E35001308,Ditton BUASD,Mid Deprivation Working,Other,92%,6
E35001311,Egham BUASD,Lower Deprivation Working,Lower Deprivation Working,147%,9
E35001313,Wolverhampton BUASD,Higher Deprivation Working,Higher Deprivation Working,71%,1
E35001314,Staines BUASD,Lower Deprivation Working,Lower Deprivation Working,78%,8
E35001315,Torquay BUASD,Higher Deprivation Working,Higher Deprivation Working,85%,1
E35001318,Paignton BUASD,Higher Deprivation Working,Higher Deprivation Working,82%,3
E35001320,Grimsby BUASD,Higher Deprivation Working,Higher Deprivation Working,84%,1
E35001321,West Hallam BUASD,Lower Deprivation Residential,Lower Deprivation Residential,35%,9
E35001322,Weston-Super-Mare BUASD,Higher Deprivation Mixed,Other,68%,2
E35001323,Beeston (Broxtowe) BUASD,Lower Deprivation Working,Lower Deprivation Working,82%,7
E35001324,Warwick BUASD,Lower Deprivation Working,Lower Deprivation Working,198%,7
E35001325,Filton BUASD,Lower Deprivation Working,Lower Deprivation Working,162%,8
E35001326,Stafford BUASD,Mid Deprivation Working,Other,86%,6
E35001327,West Kingsdown BUASD,Lower Deprivation Mixed,Other,59%,8
E35001329,Rotherham BUASD,Higher Deprivation Working,Higher Deprivation Working,73%,1
E35001332,Leyland BUASD,Mid Deprivation Working,Other,108%,5
E35001334,Mansfield BUASD,Higher Deprivation Working,Higher Deprivation Working,70%,2
E35001337,Swadlincote BUASD,Higher Deprivation Residential,Higher Deprivation Residential,39%,4
E35001340,Northwich BUASD,Mid Deprivation Working,Other,81%,5
E35001341,Iver Heath BUASD,Lower Deprivation Working,Lower Deprivation Working,76%,7
E35001345,Rainford BUASD,Lower Deprivation Residential,Lower Deprivation Residential,55%,7
E35001346,Stroud BUASD,Mid Deprivation Mixed,Other,68%,6
E35001347,Lancaster BUASD,Higher Deprivation Mixed,Other,59%,4
E35001348,Harlow BUASD,Higher Deprivation Working,Higher Deprivation Working,90%,3
E35001349,Wokingham BUASD,Lower Deprivation Working,Lower Deprivation Working,92%,10
E35001350,Kidsgrove BUASD,Mid Deprivation Mixed,Other,58%,5
E35001351,Littleborough BUASD,Mid Deprivation Residential,Other,44%,6
E35001352,Camberley BUASD,Lower Deprivation Working,Lower Deprivation Working,96%,9
E35001353,Slough BUASD,Higher Deprivation Working,Higher Deprivation Working,90%,4
E35001354,Tynemouth BUASD,Higher Deprivation Working,Higher Deprivation Working,106%,2
E35001356,Alfreton BUASD,Higher Deprivation Working,Higher Deprivation Working,94%,2
E35001357,Colchester BUASD,Higher Deprivation Working,Higher Deprivation Working,90%,4
E35001359,Wimborne Minster BUASD,Lower Deprivation Working,Lower Deprivation Working,72%,8
E35001360,Kingsnorth (Ashford) BUASD,Lower Deprivation Residential,Lower Deprivation Residential,27%,8
E35001361,Ryde BUASD,Higher Deprivation Residential,Higher Deprivation Residential,49%,2
E35001362,Cramlington BUASD,Mid Deprivation Working,Other,95%,5
E35001363,Grantham BUASD,Higher Deprivation Working,Higher Deprivation Working,75%,4
E35001365,Wombwell BUASD,Higher Deprivation Residential,Higher Deprivation Residential,34%,2
E35001366,Chester-le-Street BUASD,Higher Deprivation Mixed,Other,61%,3
E35001367,Kesgrave BUASD,Lower Deprivation Working,Lower Deprivation Working,74%,10
E35001370,Epsom BUASD,Lower Deprivation Working,Lower Deprivation Working,97%,8
E35001373,Minster (Swale) BUASD,Higher Deprivation Residential,Higher Deprivation Residential,22%,3
E35001374,Horsforth BUASD,Lower Deprivation Mixed,Other,69%,9
E35001375,Hoylake BUASD,Lower Deprivation Residential,Lower Deprivation Residential,47%,8
E35001378,Rayleigh BUASD,Lower Deprivation Residential,Lower Deprivation Residential,53%,8
E35001379,Wigan BUASD,Higher Deprivation Working,Higher Deprivation Working,78%,3
E35001380,Partington BUASD,Higher Deprivation Residential,Higher Deprivation Residential,24%,1
E35001381,Dudley (North Tyneside) BUASD,Higher Deprivation Residential,Higher Deprivation Residential,28%,1
E35001385,Middlesbrough BUASD,Higher Deprivation Working,Higher Deprivation Working,73%,1
E35001386,Waltham Abbey BUASD,Higher Deprivation Mixed,Other,63%,3
E35001387,Consett BUASD,Higher Deprivation Residential,Higher Deprivation Residential,54%,3
E35001388,Whitworth BUASD,Higher Deprivation Residential,Higher Deprivation Residential,27%,3
E35001389,Peterborough BUASD,Higher Deprivation Working,Higher Deprivation Working,112%,2
E35001391,Carlisle BUASD,Higher Deprivation Working,Higher Deprivation Working,104%,3
E35001392,Royal Leamington Spa BUASD,Mid Deprivation Working,Other,77%,6
E35001393,Poulton-le-Fylde BUASD,Lower Deprivation Mixed,Other,57%,8
E35001395,Stanley BUASD,Higher Deprivation Residential,Higher Deprivation Residential,34%,1
E35001397,Bexhill BUASD,Higher Deprivation Residential,Higher Deprivation Residential,55%,3
E35001400,Leek BUASD,Higher Deprivation Working,Higher Deprivation Working,70%,4
E35001401,Wallsend BUASD,Higher Deprivation Residential,Higher Deprivation Residential,39%,1
E35001402,Huddersfield BUASD,Higher Deprivation Working,Higher Deprivation Working,75%,2
E35001404,Hunstanton BUASD,Higher Deprivation Mixed,Other,69%,4
E35001405,Cambridge BUASD,Lower Deprivation Working,Lower Deprivation Working,126%,8
E35001407,Colne BUASD,Higher Deprivation Working,Higher Deprivation Working,71%,2
E35001409,Weybridge BUASD,Lower Deprivation Working,Lower Deprivation Working,125%,10
E35001411,Glossop BUASD,Mid Deprivation Mixed,Other,57%,5
E35001413,Hoddesdon BUASD,Mid Deprivation Mixed,Other,68%,6
E35001414,Staveley BUASD,Higher Deprivation Residential,Higher Deprivation Residential,43%,2
E35001415,Bury BUASD,Higher Deprivation Working,Higher Deprivation Working,95%,3
E35001416,Redruth BUASD,Higher Deprivation Working,Higher Deprivation Working,70%,2
E35001417,Amersham BUASD,Lower Deprivation Working,Lower Deprivation Working,107%,10
E35001418,Swanscombe BUASD,Mid Deprivation Working,Other,145%,5
E35001419,Wetherby BUASD,Lower Deprivation Working,Lower Deprivation Working,178%,9
E35001421,Locks Heath/Warsash/Whiteley BUASD,Lower Deprivation Working,Lower Deprivation Working,138%,10
E35001423,Nailsworth BUASD,Lower Deprivation Working,Lower Deprivation Working,105%,8
E35001424,Leiston BUASD,Higher Deprivation Residential,Higher Deprivation Residential,39%,4
E35001425,Skelmersdale BUASD,Higher Deprivation Working,Higher Deprivation Working,83%,1
E35001427,Washington BUASD,Higher Deprivation Working,Higher Deprivation Working,101%,3
E35001428,Ellesmere Port BUASD,Higher Deprivation Working,Higher Deprivation Working,77%,3
E35001432,Rickmansworth BUASD,Lower Deprivation Working,Lower Deprivation Working,88%,9
E35001435,Carnforth BUASD,Mid Deprivation Mixed,Other,64%,5
E35001436,Newcastle-under-Lyme BUASD,Higher Deprivation Working,Higher Deprivation Working,79%,4
E35001437,Swindon BUASD,Higher Deprivation Working,Higher Deprivation Working,90%,5
E35001438,Walsall BUASD,Higher Deprivation Working,Higher Deprivation Working,114%,1
E35001441,Oxford BUASD,Mid Deprivation Working,Other,117%,6
E35001442,Shoreham-by-Sea BUASD,Mid Deprivation Mixed,Other,60%,5
E35001444,Rochester BUASD,Higher Deprivation Working,Higher Deprivation Working,79%,3
E35001446,Hoyland BUASD,Higher Deprivation Residential,Higher Deprivation Residential,31%,2
E35001447,Hemel Hempstead BUASD,Mid Deprivation Working,Other,92%,5
E35001448,Brierfield BUASD,Higher Deprivation Working,Higher Deprivation Working,89%,2
E35001451,Lincoln BUASD,Higher Deprivation Working,Higher Deprivation Working,81%,2
E35001452,Worcester BUASD,Mid Deprivation Working,Other,91%,5
E35001453,Stowmarket BUASD,Mid Deprivation Mixed,Other,61%,6
E35001454,Grays BUASD,Higher Deprivation Working,Higher Deprivation Working,98%,5
E35001456,Batley BUASD,Higher Deprivation Mixed,Other,58%,3
E35001457,Rochford BUASD,Mid Deprivation Mixed,Other,60%,5
E35001458,Margate BUASD,Higher Deprivation Mixed,Other,59%,1
E35001459,Haslemere BUASD,Lower Deprivation Residential,Lower Deprivation Residential,54%,10
E35001461,Cranleigh BUASD,Lower Deprivation Mixed,Other,64%,10
E35001462,Bicester BUASD,Lower Deprivation Working,Lower Deprivation Working,84%,9
E35001463,Bridgnorth BUASD,Lower Deprivation Mixed,Other,60%,7
E35001464,Wareham BUASD,Mid Deprivation Working,Other,89%,6
E35001468,South Normanton BUASD,Higher Deprivation Working,Higher Deprivation Working,120%,4
E35001471,Merley BUASD,Lower Deprivation Residential,Lower Deprivation Residential,51%,10
E35001472,Blackpool BUASD,Higher Deprivation Working,Higher Deprivation Working,89%,1
E35001474,Wakefield BUASD,Higher Deprivation Working,Higher Deprivation Working,106%,3
E35001476,Bude BUASD,Higher Deprivation Working,Higher Deprivation Working,94%,2
E35001479,Gosport BUASD,Higher Deprivation Residential,Higher Deprivation Residential,41%,4
E35001480,Seaton BUASD,Lower Deprivation Residential,Lower Deprivation Residential,43%,9
E35001481,Thornaby-on-Tees BUASD,Higher Deprivation Working,Higher Deprivation Working,97%,1
E35001482,Adwick le Street BUASD,Higher Deprivation Residential,Higher Deprivation Residential,42%,1
E35001485,Houghton-le-Spring BUASD,Higher Deprivation Residential,Higher Deprivation Residential,30%,2
E35001486,Herne Bay BUASD,Higher Deprivation Residential,Higher Deprivation Residential,35%,4
E35001487,Tadley BUASD,Lower Deprivation Working,Lower Deprivation Working,117%,10
E35001490,Leatherhead BUASD,Lower Deprivation Working,Lower Deprivation Working,115%,9
E35001491,West Bromwich BUASD,Higher Deprivation Working,Higher Deprivation Working,94%,1
E35001492,Whitley Bay BUASD,Lower Deprivation Residential,Lower Deprivation Residential,47%,8
E35001493,Horley BUASD,Lower Deprivation Residential,Lower Deprivation Residential,53%,8
E35001494,Newark-on-Trent BUASD,Higher Deprivation Working,Higher Deprivation Working,80%,3
E35001496,Pershore BUASD,Higher Deprivation Working,Higher Deprivation Working,112%,4
E35001497,St Helens BUASD,Higher Deprivation Mixed,Other,64%,1
E35001498,Stockton-on-Tees BUASD,Higher Deprivation Working,Higher Deprivation Working,84%,1
E35001499,Hitchin BUASD,Lower Deprivation Working,Lower Deprivation Working,72%,8
E35001500,Burley in Wharfedale BUASD,Lower Deprivation Residential,Lower Deprivation Residential,27%,10
E35001501,Reading BUASD,Mid Deprivation Working,Other,96%,6
E35001502,Hedge End BUASD,Lower Deprivation Mixed,Other,59%,10
E35001503,Westergate BUASD,Lower Deprivation Mixed,Other,60%,8
E35001507,Loughton BUASD,Mid Deprivation Working,Other,105%,5
E35001516,Milton Keynes BUASD,Higher Deprivation Working,Higher Deprivation Working,125%,4
E35001517,Redditch BUASD,Higher Deprivation Working,Higher Deprivation Working,72%,4
K06000004,Chester BUASD,Higher Deprivation Working,Higher Deprivation Working,99%,4
W37000020,Ruthin BUA,Lower Deprivation Working,Lower Deprivation Working,121%,9
W37000039,Gresford BUA,Lower Deprivation Mixed,Other,63%,10
W37000046,Broughton (Flintshire) BUA,Lower Deprivation Working,Lower Deprivation Working,339%,10
W37000092,Abertillery BUA,Higher Deprivation Residential,Higher Deprivation Residential,27%,3
W37000094,Pencoed BUA,Lower Deprivation Working,Lower Deprivation Working,70%,9
W37000100,Newtown (Powys) BUA,Mid Deprivation Working,Other,101%,6
W37000105,Pembroke Dock BUA,Higher Deprivation Working,Higher Deprivation Working,70%,2
W37000111,Pyle BUA,Higher Deprivation Residential,Higher Deprivation Residential,50%,2
W37000114,Brynna BUA,Lower Deprivation Residential,Lower Deprivation Residential,18%,9
W37000123,Caerleon BUA,Lower Deprivation Residential,Lower Deprivation Residential,49%,10
W37000129,Mountain Ash BUA,Higher Deprivation Residential,Higher Deprivation Residential,21%,1
W37000138,Denbigh BUA,Lower Deprivation Working,Lower Deprivation Working,72%,8
W37000146,Pontarddulais BUA,Lower Deprivation Residential,Lower Deprivation Residential,39%,8
W37000147,Abertridwr BUA,Higher Deprivation Residential,Higher Deprivation Residential,11%,1
W37000164,Cwmavon BUA,Mid Deprivation Residential,Other,12%,6
W37000173,Brecon BUA,Lower Deprivation Working,Lower Deprivation Working,98%,9
W37000177,Cil-y-coed BUA,Lower Deprivation Residential,Lower Deprivation Residential,48%,8
W37000187,Pembroke BUA,Higher Deprivation Residential,Higher Deprivation Residential,42%,3
W37000191,Tonyrefail BUA,Higher Deprivation Residential,Higher Deprivation Residential,22%,3
W37000209,Llandrindod Wells BUA,Mid Deprivation Working,Other,149%,6
W37000225,Milford Haven BUA,Higher Deprivation Residential,Higher Deprivation Residential,42%,4
W37000243,Llandudno BUA,Higher Deprivation Working,Higher Deprivation Working,121%,4
W37000249,Rhoose BUA,Lower Deprivation Residential,Lower Deprivation Residential,40%,10
W37000254,Ferndale BUA,Higher Deprivation Residential,Higher Deprivation Residential,27%,1
W37000273,Mold BUA,Lower Deprivation Working,Lower Deprivation Working,148%,8
W37000295,Porthcawl BUA,Lower Deprivation Mixed,Other,57%,8
W37000301,Holyhead BUA,Higher Deprivation Residential,Higher Deprivation Residential,50%,1
W37000334,Hirwaun BUA,Higher Deprivation Residential,Higher Deprivation Residential,14%,1
W37000338,Tredegar BUA,Higher Deprivation Residential,Higher Deprivation Residential,48%,2
W37000342,Barry BUA,Higher Deprivation Residential,Higher Deprivation Residential,53%,4
W37000347,Abercynon BUA,Higher Deprivation Residential,Higher Deprivation Residential,37%,2
W37000354,Monmouth BUA,Lower Deprivation Working,Lower Deprivation Working,78%,9
W37000356,Coedpoeth BUA,Lower Deprivation Residential,Lower Deprivation Residential,41%,7
W37000359,Carmarthen BUA,Lower Deprivation Working,Lower Deprivation Working,175%,8
W37000361,Haverfordwest BUA,Mid Deprivation Working,Other,119%,6
W37000363,Merthyr Tydfil BUA,Higher Deprivation Working,Higher Deprivation Working,77%,3
W37000366,Blaenavon BUA,Higher Deprivation Residential,Higher Deprivation Residential,48%,3
W38000001,Wrexham BUASD,Mid Deprivation Working,Other,80%,6
W38000003,Abersychan BUASD,Higher Deprivation Residential,Higher Deprivation Residential,19%,3
W38000007,Abercarn BUASD,Lower Deprivation Residential,Lower Deprivation Residential,42%,7
W38000009,Bangor BUASD,Lower Deprivation Working,Lower Deprivation Working,100%,8
W38000010,Kinmel Bay BUASD,Higher Deprivation Residential,Higher Deprivation Residential,48%,3
W38000016,Maesteg BUASD,Higher Deprivation Residential,Higher Deprivation Residential,24%,1
W38000017,Treharris BUASD,Mid Deprivation Residential,Other,37%,6
W38000018,Ammanford BUASD,Mid Deprivation Working,Other,73%,6
W38000019,Shotton BUASD,Lower Deprivation Mixed,Other,68%,8
W38000032,Newbridge BUASD,Higher Deprivation Residential,Higher Deprivation Residential,34%,4
W38000034,Brynmawr BUASD,Higher Deprivation Residential,Higher Deprivation Residential,34%,4
W38000040,Undy BUASD,Lower Deprivation Residential,Lower Deprivation Residential,27%,10
W38000043,Caernarfon BUASD,Higher Deprivation Working,Higher Deprivation Working,124%,3
W38000044,Abergavenny BUASD,Mid Deprivation Working,Other,119%,6
W38000045,Rhosllanerchrugog BUASD,Higher Deprivation Residential,Higher Deprivation Residential,33%,4
W38000047,Prestatyn BUASD,Mid Deprivation Residential,Other,51%,6
W38000050,Gowerton BUASD,Lower Deprivation Residential,Lower Deprivation Residential,42%,8
W38000051,RAF Station St Athan BUASD,Lower Deprivation Residential,Lower Deprivation Residential,29%,8
W38000055,Connah's Quay BUASD,Lower Deprivation Residential,Lower Deprivation Residential,42%,8
W38000056,Treherbert BUASD,Higher Deprivation Residential,Higher Deprivation Residential,15%,1
W38000060,Buckley BUASD,Lower Deprivation Residential,Lower Deprivation Residential,39%,9
W38000061,Chepstow BUASD,Lower Deprivation Working,Lower Deprivation Working,100%,9
W38000064,Treorchy BUASD,Higher Deprivation Residential,Higher Deprivation Residential,45%,4
W38000065,Rhondda BUASD,Higher Deprivation Residential,Higher Deprivation Residential,37%,3
W38000067,Llantwit Major BUASD,Lower Deprivation Residential,Lower Deprivation Residential,48%,10
W38000069,Tonypandy BUASD,Higher Deprivation Residential,Higher Deprivation Residential,35%,2
W38000072,Sarn BUASD,Mid Deprivation Mixed,Other,59%,6
W38000073,Burry Port BUASD,Lower Deprivation Residential,Lower Deprivation Residential,24%,8
W38000075,Llantrisant BUASD,Lower Deprivation Working,Lower Deprivation Working,160%,10
W38000077,Dinas Powis BUASD,Lower Deprivation Residential,Lower Deprivation Residential,33%,10
W38000079,Cefn-mawr BUASD,Higher Deprivation Residential,Higher Deprivation Residential,19%,1
W38000080,Risca BUASD,Mid Deprivation Residential,Other,29%,6
W38000081,Pontypridd BUASD,Mid Deprivation Working,Other,104%,6
W38000086,Caerphilly BUASD,Higher Deprivation Working,Higher Deprivation Working,76%,4
W38000087,Gorseinon BUASD,Lower Deprivation Mixed,Other,65%,8
W38000094,Llanelli BUASD,Higher Deprivation Working,Higher Deprivation Working,78%,4
W38000096,Sandycroft BUASD,Lower Deprivation Working,Lower Deprivation Working,114%,8
W38000105,Ystradgynlais BUASD,Higher Deprivation Residential,Higher Deprivation Residential,44%,4
W38000107,Church Village BUASD,Lower Deprivation Residential,Lower Deprivation Residential,47%,10
W38000108,Rhymney BUASD,Higher Deprivation Residential,Higher Deprivation Residential,39%,1
W38000110,Pontllan-fraith BUASD,Mid Deprivation Residential,Other,45%,6
W38000111,Pontypool BUASD,Mid Deprivation Working,Other,72%,6
W38000112,Rhyl BUASD,Higher Deprivation Mixed,Other,57%,1
W38000114,Welshpool BUASD,Mid Deprivation Working,Other,136%,6
W38000117,Abergele BUASD,Mid Deprivation Mixed,Other,57%,6
W38000120,Colwyn Bay BUASD,Mid Deprivation Working,Other,82%,6
W38000122,Beddau BUASD,Lower Deprivation Residential,Lower Deprivation Residential,18%,7
W38000123,Penarth BUASD,Lower Deprivation Working,Lower Deprivation Working,93%,10
W38000124,Bargod BUASD,Higher Deprivation Residential,Higher Deprivation Residential,28%,1
W38000125,Aberdare BUASD,Higher Deprivation Residential,Higher Deprivation Residential,36%,4
W38000126,Blackwood BUASD,Lower Deprivation Residential,Lower Deprivation Residential,55%,7
W38000127,Ystrad Mynach BUASD,Mid Deprivation Working,Other,78%,6
W38000128,Swansea BUASD,Higher Deprivation Working,Higher Deprivation Working,82%,4
W38000129,Bridgend BUASD,Lower Deprivation Working,Lower Deprivation Working,115%,7
W38000131,Taff's Well BUASD,Lower Deprivation Working,Lower Deprivation Working,96%,9
W38000132,Holywell BUASD,Higher Deprivation Residential,Higher Deprivation Residential,56%,4
W38000133,Aberystwyth BUASD,Lower Deprivation Mixed,Other,57%,10
W38000135,Neath BUASD,Mid Deprivation Mixed,Other,56%,6
W38000136,Pen-y-groes BUASD,Lower Deprivation Working,Lower Deprivation Working,76%,8
W38000138,Ebbw Vale BUASD,Higher Deprivation Mixed,Other,69%,3
W38000140,Cwmbran BUASD,Mid Deprivation Working,Other,87%,6
W38000142,Llandudno Junction BUASD,Lower Deprivation Working,Lower Deprivation Working,81%,9
W38000143,Flint BUASD,Lower Deprivation Working,Lower Deprivation Working,70%,7
W38000144,Port Talbot BUASD,Higher Deprivation Mixed,Other,68%,3
W38000145,Porth BUASD,Higher Deprivation Residential,Higher Deprivation Residential,34%,3
W38000146,Pontardawe BUASD,Lower Deprivation Residential,Lower Deprivation Residential,30%,7
W38000147,Newport BUASD,Higher Deprivation Working,Higher Deprivation Working,76%,3
